DAUID,DGUID,LANDAREA,PRUID,population_2021,total_private_dwellings,occupied_private_dwellings,statcan_population_density_km2,land_area_km2,age_total,age_0_14,age_15_64,age_15_19,age_20_24,age_25_29,age_30_34,age_35_39,age_40_44,age_45_49,age_50_54,age_55_59,age_60_64,age_65_plus,age_65_69,age_70_74,age_75_79,age_80_84,age_85_plus,average_age,median_age,dwellings_by_structure_total,dw_single_detached,dw_semi_detached,dw_row_house,dw_apartment_duplex,dw_apartment_lt5_storeys,dw_apartment_5plus_storeys,dw_other_single_attached,dw_movable,households_1_person,average_household_size,citizenship_total,canadian_citizens,canadian_citizens_under_18,canadian_citizens_18plus,not_canadian_citizens,age_18_19_estimated,adult_population_18plus_proxy,adult_proxy_method,senior_population_65plus,senior_population_75plus,senior_population_85plus,age_18_34_proxy,age_35_49,age_50_64,population_density,adult_population_density,senior_density,housing_density,multiunit_dwellings,multiunit_share,apartment_share,highrise_share,townhouse_share,single_family_share,one_person_household_share,canadian_citizens_18plus_proxy,citizen_adult_density,source,source_url,boundary_source,license,adult_proxy_disclaimer,prepared_utc,methodology_note
59150073,2021S051259150073,0.262,59,1009.0,413.0,393.0,3851.1,0.26,1010.0,160.0,715.0,75.0,50.0,50.0,75.0,80.0,90.0,90.0,80.0,65.0,65.0,125.0,50.0,35.0,20.0,10.0,15.0,39.8,40.8,395.0,45.0,0.0,135.0,30.0,185.0,0.0,0.0,0.0,85.0,2.6,1015.0,875.0,195.0,680.0,145.0,30.0,804.0,population_2021 - age_0_14 - (3/5 * age_15_19),125.0,45.0,15.0,205.0,260.0,210.0,3880.7692307692305,3092.3076923076924,480.7692307692308,1511.5384615384614,350.0,0.8860759493670886,0.46835443037974683,0.0,0.34177215189873417,0.11392405063291139,0.21518987341772153,680.0,2615.3846153846152,"Statistics Canada, 2021 Census Profile 98-401-X2021006, dissemination areas",https://www12.statcan.gc.ca/census-recensement/2021/dp-pd/prof/details/download-telecharger.cfm,Statistics Canada 2021 DA cartographic boundary file (92-169-X),Statistics Canada Open Licence,"Population aged 18 and over from the 2021 Census of Population, used as a demographic proxy for potential electorate size. This is NOT a count of eligible or registered electors: it excludes citizenship and residency requirements, reflects 2021 conditions, and is subject to Statistics Canada random rounding.",2026-08-12T14:55:43+00:00,Directly from the 2021 Census Profile for that dissemination area.
59150074,2021S051259150074,0.0658,59,696.0,243.0,242.0,10577.5,0.07,695.0,130.0,500.0,50.0,55.0,30.0,30.0,45.0,45.0,55.0,60.0,60.0,65.0,65.0,30.0,20.0,10.0,5.0,5.0,38.2,39.6,245.0,0.0,5.0,230.0,0.0,5.0,0.0,0.0,0.0,30.0,2.9,740.0,685.0,190.0,500.0,60.0,20.0,536.0,population_2021 - age_0_14 - (3/5 * age_15_19),65.0,20.0,5.0,135.0,145.0,185.0,9942.857142857141,7657.142857142856,928.5714285714284,3457.142857142857,235.0,0.9591836734693877,0.02040816326530612,0.0,0.9387755102040817,0.0,0.12244897959183673,500.0,7142.857142857142,"Statistics Canada, 2021 Census Profile 98-401-X2021006, dissemination areas",https://www12.statcan.gc.ca/census-recensement/2021/dp-pd/prof/details/download-telecharger.cfm,Statistics Canada 2021 DA cartographic boundary file (92-169-X),Statistics Canada Open Licence,"Population aged 18 and over from the 2021 Census of Population, used as a demographic proxy for potential electorate size. This is NOT a count of eligible or registered electors: it excludes citizenship and residency requirements, reflects 2021 conditions, and is subject to Statistics Canada random rounding.",2026-08-12T14:55:43+00:00,Directly from the 2021 Census Profile for that dissemination area.
59150075,2021S051259150075,0.2202,59,427.0,166.0,156.0,1939.1,0.22,425.0,75.0,255.0,20.0,25.0,15.0,15.0,25.0,30.0,35.0,25.0,25.0,30.0,105.0,30.0,35.0,15.0,15.0,10.0,44.2,45.2,155.0,95.0,0.0,0.0,60.0,5.0,0.0,0.0,0.0,30.0,2.7,405.0,365.0,85.0,280.0,40.0,8.0,340.0,population_2021 - age_0_14 - (3/5 * age_15_19),105.0,40.0,10.0,63.0,90.0,80.0,1940.909090909091,1545.4545454545455,477.27272727272725,709.0909090909091,65.0,0.41935483870967744,0.03225806451612903,0.0,0.0,0.6129032258064516,0.1935483870967742,280.0,1272.7272727272727,"Statistics Canada, 2021 Census Profile 98-401-X2021006, dissemination areas",https://www12.statcan.gc.ca/census-recensement/2021/dp-pd/prof/details/download-telecharger.cfm,Statistics Canada 2021 DA cartographic boundary file (92-169-X),Statistics Canada Open Licence,"Population aged 18 and over from the 2021 Census of Population, used as a demographic proxy for potential electorate size. This is NOT a count of eligible or registered electors: it excludes citizenship and residency requirements, reflects 2021 conditions, and is subject to Statistics Canada random rounding.",2026-08-12T14:55:43+00:00,Directly from the 2021 Census Profile for that dissemination area.
59150076,2021S051259150076,0.3286,59,536.0,207.0,200.0,1631.2,0.33,535.0,100.0,340.0,30.0,25.0,25.0,35.0,30.0,55.0,40.0,40.0,30.0,30.0,95.0,30.0,25.0,10.0,10.0,10.0,40.7,41.6,200.0,95.0,0.0,0.0,105.0,5.0,0.0,0.0,0.0,50.0,2.7,535.0,450.0,125.0,325.0,85.0,12.0,418.0,population_2021 - age_0_14 - (3/5 * age_15_19),95.0,30.0,10.0,97.0,125.0,100.0,1624.2424242424242,1266.6666666666665,287.8787878787879,606.060606060606,110.0,0.55,0.025,0.0,0.0,0.475,0.25,325.0,984.8484848484848,"Statistics Canada, 2021 Census Profile 98-401-X2021006, dissemination areas",https://www12.statcan.gc.ca/census-recensement/2021/dp-pd/prof/details/download-telecharger.cfm,Statistics Canada 2021 DA cartographic boundary file (92-169-X),Statistics Canada Open Licence,"Population aged 18 and over from the 2021 Census of Population, used as a demographic proxy for potential electorate size. This is NOT a count of eligible or registered electors: it excludes citizenship and residency requirements, reflects 2021 conditions, and is subject to Statistics Canada random rounding.",2026-08-12T14:55:43+00:00,Directly from the 2021 Census Profile for that dissemination area.
59150077,2021S051259150077,0.1138,59,456.0,165.0,149.0,4007.0,0.11,455.0,95.0,300.0,30.0,20.0,15.0,30.0,35.0,40.0,25.0,20.0,40.0,30.0,65.0,10.0,15.0,15.0,10.0,10.0,39.9,40.4,145.0,95.0,0.0,0.0,50.0,5.0,0.0,0.0,0.0,25.0,3.0,395.0,355.0,85.0,270.0,40.0,12.0,343.0,population_2021 - age_0_14 - (3/5 * age_15_19),65.0,35.0,10.0,77.0,100.0,90.0,4145.454545454545,3118.181818181818,590.9090909090909,1354.5454545454545,55.0,0.3793103448275862,0.034482758620689655,0.0,0.0,0.6551724137931034,0.1724137931034483,270.0,2454.5454545454545,"Statistics Canada, 2021 Census Profile 98-401-X2021006, dissemination areas",https://www12.statcan.gc.ca/census-recensement/2021/dp-pd/prof/details/download-telecharger.cfm,Statistics Canada 2021 DA cartographic boundary file (92-169-X),Statistics Canada Open Licence,"Population aged 18 and over from the 2021 Census of Population, used as a demographic proxy for potential electorate size. This is NOT a count of eligible or registered electors: it excludes citizenship and residency requirements, reflects 2021 conditions, and is subject to Statistics Canada random rounding.",2026-08-12T14:55:43+00:00,Directly from the 2021 Census Profile for that dissemination area.
59150078,2021S051259150078,0.4834,59,721.0,254.0,239.0,1491.5,0.48,725.0,130.0,505.0,55.0,35.0,35.0,35.0,60.0,50.0,60.0,70.0,45.0,55.0,90.0,30.0,30.0,20.0,5.0,10.0,39.4,41.2,240.0,65.0,40.0,30.0,60.0,45.0,0.0,0.0,0.0,40.0,3.0,675.0,595.0,135.0,465.0,80.0,22.0,558.0,population_2021 - age_0_14 - (3/5 * age_15_19),90.0,35.0,10.0,127.0,170.0,170.0,1502.0833333333335,1162.5,187.5,497.9166666666667,135.0,0.5625,0.1875,0.0,0.125,0.2708333333333333,0.16666666666666666,465.0,968.75,"Statistics Canada, 2021 Census Profile 98-401-X2021006, dissemination areas",https://www12.statcan.gc.ca/census-recensement/2021/dp-pd/prof/details/download-telecharger.cfm,Statistics Canada 2021 DA cartographic boundary file (92-169-X),Statistics Canada Open Licence,"Population aged 18 and over from the 2021 Census of Population, used as a demographic proxy for potential electorate size. This is NOT a count of eligible or registered electors: it excludes citizenship and residency requirements, reflects 2021 conditions, and is subject to Statistics Canada random rounding.",2026-08-12T14:55:43+00:00,Directly from the 2021 Census Profile for that dissemination area.
59150079,2021S051259150079,0.1037,59,517.0,217.0,206.0,4985.5,0.1,515.0,55.0,375.0,40.0,30.0,35.0,25.0,25.0,20.0,40.0,50.0,60.0,60.0,85.0,30.0,30.0,15.0,5.0,10.0,44.5,49.2,205.0,65.0,20.0,25.0,35.0,65.0,5.0,0.0,0.0,50.0,2.5,490.0,420.0,65.0,350.0,70.0,16.0,438.0,population_2021 - age_0_14 - (3/5 * age_15_19),85.0,30.0,10.0,106.0,85.0,170.0,5170.0,4380.0,850.0,2060.0,130.0,0.6341463414634146,0.34146341463414637,0.024390243902439025,0.12195121951219512,0.3170731707317073,0.24390243902439024,350.0,3500.0,"Statistics Canada, 2021 Census Profile 98-401-X2021006, dissemination areas",https://www12.statcan.gc.ca/census-recensement/2021/dp-pd/prof/details/download-telecharger.cfm,Statistics Canada 2021 DA cartographic boundary file (92-169-X),Statistics Canada Open Licence,"Population aged 18 and over from the 2021 Census of Population, used as a demographic proxy for potential electorate size. This is NOT a count of eligible or registered electors: it excludes citizenship and residency requirements, reflects 2021 conditions, and is subject to Statistics Canada random rounding.",2026-08-12T14:55:43+00:00,Directly from the 2021 Census Profile for that dissemination area.
59150080,2021S051259150080,0.0727,59,344.0,142.0,134.0,4731.8,0.07,340.0,40.0,265.0,20.0,20.0,20.0,35.0,25.0,20.0,25.0,30.0,30.0,35.0,35.0,15.0,10.0,5.0,5.0,0.0,41.4,41.2,135.0,25.0,35.0,0.0,10.0,60.0,0.0,0.0,0.0,25.0,2.6,300.0,265.0,55.0,210.0,40.0,8.0,292.0,population_2021 - age_0_14 - (3/5 * age_15_19),35.0,10.0,0.0,83.0,70.0,95.0,4914.285714285714,4171.428571428571,499.99999999999994,1914.285714285714,70.0,0.5185185185185185,0.4444444444444444,0.0,0.0,0.18518518518518517,0.18518518518518517,210.0,2999.9999999999995,"Statistics Canada, 2021 Census Profile 98-401-X2021006, dissemination areas",https://www12.statcan.gc.ca/census-recensement/2021/dp-pd/prof/details/download-telecharger.cfm,Statistics Canada 2021 DA cartographic boundary file (92-169-X),Statistics Canada Open Licence,"Population aged 18 and over from the 2021 Census of Population, used as a demographic proxy for potential electorate size. This is NOT a count of eligible or registered electors: it excludes citizenship and residency requirements, reflects 2021 conditions, and is subject to Statistics Canada random rounding.",2026-08-12T14:55:43+00:00,Directly from the 2021 Census Profile for that dissemination area.
59150081,2021S051259150081,0.1473,59,697.0,297.0,283.0,4731.8,0.15,700.0,100.0,495.0,45.0,40.0,45.0,55.0,50.0,50.0,65.0,50.0,55.0,45.0,100.0,25.0,25.0,25.0,15.0,10.0,41.0,42.0,285.0,25.0,50.0,10.0,30.0,165.0,0.0,0.0,0.0,85.0,2.5,655.0,550.0,115.0,430.0,105.0,18.0,570.0,population_2021 - age_0_14 - (3/5 * age_15_19),100.0,50.0,10.0,158.0,165.0,150.0,4646.666666666667,3800.0,666.6666666666667,1886.6666666666667,205.0,0.7192982456140351,0.5789473684210527,0.0,0.03508771929824561,0.08771929824561403,0.2982456140350877,430.0,2866.666666666667,"Statistics Canada, 2021 Census Profile 98-401-X2021006, dissemination areas",https://www12.statcan.gc.ca/census-recensement/2021/dp-pd/prof/details/download-telecharger.cfm,Statistics Canada 2021 DA cartographic boundary file (92-169-X),Statistics Canada Open Licence,"Population aged 18 and over from the 2021 Census of Population, used as a demographic proxy for potential electorate size. This is NOT a count of eligible or registered electors: it excludes citizenship and residency requirements, reflects 2021 conditions, and is subject to Statistics Canada random rounding.",2026-08-12T14:55:43+00:00,Directly from the 2021 Census Profile for that dissemination area.
59150082,2021S051259150082,0.0519,59,709.0,345.0,335.0,13660.9,0.05,705.0,115.0,450.0,20.0,15.0,30.0,45.0,65.0,70.0,35.0,45.0,65.0,55.0,145.0,45.0,35.0,30.0,20.0,15.0,44.4,44.0,335.0,0.0,0.0,180.0,0.0,105.0,50.0,0.0,0.0,130.0,2.1,685.0,640.0,130.0,515.0,40.0,8.0,582.0,population_2021 - age_0_14 - (3/5 * age_15_19),145.0,65.0,15.0,98.0,170.0,165.0,14180.0,11640.0,2900.0,6700.0,335.0,1.0,0.4626865671641791,0.14925373134328357,0.5373134328358209,0.0,0.3880597014925373,515.0,10300.0,"Statistics Canada, 2021 Census Profile 98-401-X2021006, dissemination areas",https://www12.statcan.gc.ca/census-recensement/2021/dp-pd/prof/details/download-telecharger.cfm,Statistics Canada 2021 DA cartographic boundary file (92-169-X),Statistics Canada Open Licence,"Population aged 18 and over from the 2021 Census of Population, used as a demographic proxy for potential electorate size. This is NOT a count of eligible or registered electors: it excludes citizenship and residency requirements, reflects 2021 conditions, and is subject to Statistics Canada random rounding.",2026-08-12T14:55:43+00:00,Directly from the 2021 Census Profile for that dissemination area.
59150083,2021S051259150083,0.0516,59,545.0,272.0,262.0,10562.0,0.05,545.0,85.0,345.0,20.0,20.0,20.0,40.0,45.0,50.0,30.0,40.0,30.0,35.0,115.0,25.0,35.0,20.0,15.0,20.0,43.8,43.6,260.0,20.0,15.0,90.0,5.0,120.0,10.0,5.0,0.0,105.0,2.1,580.0,510.0,115.0,390.0,70.0,8.0,448.0,population_2021 - age_0_14 - (3/5 * age_15_19),115.0,55.0,20.0,88.0,125.0,105.0,10900.0,8960.0,2300.0,5240.0,225.0,0.8653846153846154,0.5,0.038461538461538464,0.34615384615384615,0.07692307692307693,0.40384615384615385,390.0,7800.0,"Statistics Canada, 2021 Census Profile 98-401-X2021006, dissemination areas",https://www12.statcan.gc.ca/census-recensement/2021/dp-pd/prof/details/download-telecharger.cfm,Statistics Canada 2021 DA cartographic boundary file (92-169-X),Statistics Canada Open Licence,"Population aged 18 and over from the 2021 Census of Population, used as a demographic proxy for potential electorate size. This is NOT a count of eligible or registered electors: it excludes citizenship and residency requirements, reflects 2021 conditions, and is subject to Statistics Canada random rounding.",2026-08-12T14:55:43+00:00,Directly from the 2021 Census Profile for that dissemination area.
59150084,2021S051259150084,0.0533,59,884.0,618.0,583.0,16585.4,0.05,885.0,45.0,510.0,25.0,25.0,35.0,55.0,75.0,55.0,55.0,55.0,50.0,70.0,330.0,50.0,55.0,55.0,50.0,120.0,55.4,56.0,580.0,0.0,0.0,0.0,0.0,95.0,485.0,0.0,0.0,355.0,1.5,890.0,735.0,20.0,715.0,150.0,10.0,824.0,population_2021 - age_0_14 - (3/5 * age_15_19),330.0,225.0,120.0,125.0,185.0,175.0,17680.0,16480.0,6600.0,11660.0,580.0,1.0,1.0,0.8362068965517241,0.0,0.0,0.6120689655172413,715.0,14300.0,"Statistics Canada, 2021 Census Profile 98-401-X2021006, dissemination areas",https://www12.statcan.gc.ca/census-recensement/2021/dp-pd/prof/details/download-telecharger.cfm,Statistics Canada 2021 DA cartographic boundary file (92-169-X),Statistics Canada Open Licence,"Population aged 18 and over from the 2021 Census of Population, used as a demographic proxy for potential electorate size. This is NOT a count of eligible or registered electors: it excludes citizenship and residency requirements, reflects 2021 conditions, and is subject to Statistics Canada random rounding.",2026-08-12T14:55:43+00:00,Directly from the 2021 Census Profile for that dissemination area.
59150085,2021S051259150085,0.053,59,926.0,552.0,537.0,17471.7,0.05,925.0,85.0,565.0,25.0,15.0,55.0,85.0,70.0,70.0,75.0,50.0,60.0,65.0,280.0,65.0,60.0,60.0,40.0,55.0,49.8,48.8,535.0,0.0,0.0,10.0,0.0,95.0,430.0,0.0,0.0,270.0,1.7,985.0,805.0,110.0,695.0,175.0,10.0,826.0,population_2021 - age_0_14 - (3/5 * age_15_19),280.0,155.0,55.0,165.0,215.0,175.0,18520.0,16520.0,5600.0,10740.0,535.0,1.0,0.9813084112149533,0.8037383177570093,0.018691588785046728,0.0,0.5046728971962616,695.0,13900.0,"Statistics Canada, 2021 Census Profile 98-401-X2021006, dissemination areas",https://www12.statcan.gc.ca/census-recensement/2021/dp-pd/prof/details/download-telecharger.cfm,Statistics Canada 2021 DA cartographic boundary file (92-169-X),Statistics Canada Open Licence,"Population aged 18 and over from the 2021 Census of Population, used as a demographic proxy for potential electorate size. This is NOT a count of eligible or registered electors: it excludes citizenship and residency requirements, reflects 2021 conditions, and is subject to Statistics Canada random rounding.",2026-08-12T14:55:43+00:00,Directly from the 2021 Census Profile for that dissemination area.
59150086,2021S051259150086,0.0525,59,728.0,482.0,432.0,13866.7,0.05,730.0,60.0,510.0,15.0,30.0,55.0,75.0,55.0,50.0,45.0,50.0,55.0,65.0,155.0,45.0,45.0,30.0,25.0,15.0,46.8,47.2,430.0,0.0,0.0,5.0,0.0,400.0,25.0,0.0,0.0,230.0,1.7,755.0,635.0,80.0,550.0,120.0,6.0,659.0,population_2021 - age_0_14 - (3/5 * age_15_19),155.0,70.0,15.0,166.0,150.0,170.0,14560.0,13180.0,3100.0,8640.0,430.0,1.0,0.9883720930232558,0.05813953488372093,0.011627906976744186,0.0,0.5348837209302325,550.0,11000.0,"Statistics Canada, 2021 Census Profile 98-401-X2021006, dissemination areas",https://www12.statcan.gc.ca/census-recensement/2021/dp-pd/prof/details/download-telecharger.cfm,Statistics Canada 2021 DA cartographic boundary file (92-169-X),Statistics Canada Open Licence,"Population aged 18 and over from the 2021 Census of Population, used as a demographic proxy for potential electorate size. This is NOT a count of eligible or registered electors: it excludes citizenship and residency requirements, reflects 2021 conditions, and is subject to Statistics Canada random rounding.",2026-08-12T14:55:43+00:00,Directly from the 2021 Census Profile for that dissemination area.
59150087,2021S051259150087,0.0262,59,437.0,248.0,243.0,16679.4,0.03,440.0,30.0,355.0,15.0,30.0,55.0,60.0,40.0,45.0,35.0,25.0,25.0,25.0,50.0,20.0,15.0,5.0,0.0,5.0,40.9,38.8,240.0,0.0,0.0,5.0,0.0,125.0,105.0,0.0,0.0,110.0,1.8,460.0,360.0,50.0,315.0,100.0,6.0,398.0,population_2021 - age_0_14 - (3/5 * age_15_19),50.0,10.0,5.0,151.0,120.0,75.0,14566.666666666668,13266.666666666668,1666.6666666666667,8100.0,235.0,0.9791666666666666,0.9583333333333334,0.4375,0.020833333333333332,0.0,0.4583333333333333,315.0,10500.0,"Statistics Canada, 2021 Census Profile 98-401-X2021006, dissemination areas",https://www12.statcan.gc.ca/census-recensement/2021/dp-pd/prof/details/download-telecharger.cfm,Statistics Canada 2021 DA cartographic boundary file (92-169-X),Statistics Canada Open Licence,"Population aged 18 and over from the 2021 Census of Population, used as a demographic proxy for potential electorate size. This is NOT a count of eligible or registered electors: it excludes citizenship and residency requirements, reflects 2021 conditions, and is subject to Statistics Canada random rounding.",2026-08-12T14:55:43+00:00,Directly from the 2021 Census Profile for that dissemination area.
59150088,2021S051259150088,0.0252,59,377.0,241.0,195.0,14960.3,0.03,380.0,45.0,285.0,10.0,20.0,25.0,30.0,30.0,30.0,30.0,40.0,30.0,35.0,50.0,15.0,15.0,5.0,0.0,10.0,43.5,44.8,195.0,0.0,0.0,0.0,0.0,195.0,0.0,0.0,0.0,80.0,1.9,385.0,305.0,65.0,245.0,75.0,4.0,326.0,population_2021 - age_0_14 - (3/5 * age_15_19),50.0,15.0,10.0,79.0,90.0,105.0,12566.666666666668,10866.666666666668,1666.6666666666667,6500.0,195.0,1.0,1.0,0.0,0.0,0.0,0.41025641025641024,245.0,8166.666666666667,"Statistics Canada, 2021 Census Profile 98-401-X2021006, dissemination areas",https://www12.statcan.gc.ca/census-recensement/2021/dp-pd/prof/details/download-telecharger.cfm,Statistics Canada 2021 DA cartographic boundary file (92-169-X),Statistics Canada Open Licence,"Population aged 18 and over from the 2021 Census of Population, used as a demographic proxy for potential electorate size. This is NOT a count of eligible or registered electors: it excludes citizenship and residency requirements, reflects 2021 conditions, and is subject to Statistics Canada random rounding.",2026-08-12T14:55:43+00:00,Directly from the 2021 Census Profile for that dissemination area.
59150089,2021S051259150089,0.0783,59,606.0,273.0,261.0,7739.5,0.08,605.0,95.0,435.0,40.0,45.0,30.0,35.0,40.0,55.0,50.0,65.0,45.0,40.0,75.0,25.0,15.0,20.0,15.0,0.0,40.2,42.0,260.0,25.0,15.0,40.0,45.0,135.0,0.0,0.0,0.0,80.0,2.3,620.0,510.0,125.0,390.0,110.0,16.0,487.0,population_2021 - age_0_14 - (3/5 * age_15_19),75.0,35.0,0.0,126.0,145.0,150.0,7575.0,6087.5,937.5,3262.5,220.0,0.8461538461538461,0.5192307692307693,0.0,0.15384615384615385,0.09615384615384616,0.3076923076923077,390.0,4875.0,"Statistics Canada, 2021 Census Profile 98-401-X2021006, dissemination areas",https://www12.statcan.gc.ca/census-recensement/2021/dp-pd/prof/details/download-telecharger.cfm,Statistics Canada 2021 DA cartographic boundary file (92-169-X),Statistics Canada Open Licence,"Population aged 18 and over from the 2021 Census of Population, used as a demographic proxy for potential electorate size. This is NOT a count of eligible or registered electors: it excludes citizenship and residency requirements, reflects 2021 conditions, and is subject to Statistics Canada random rounding.",2026-08-12T14:55:43+00:00,Directly from the 2021 Census Profile for that dissemination area.
59150090,2021S051259150090,0.104,59,565.0,207.0,204.0,5432.7,0.1,565.0,85.0,370.0,45.0,30.0,30.0,20.0,30.0,35.0,45.0,50.0,45.0,40.0,110.0,30.0,35.0,20.0,10.0,15.0,43.1,46.0,205.0,55.0,80.0,5.0,45.0,25.0,0.0,0.0,0.0,40.0,2.8,615.0,520.0,120.0,400.0,90.0,18.0,453.0,population_2021 - age_0_14 - (3/5 * age_15_19),110.0,45.0,15.0,98.0,110.0,135.0,5650.0,4530.0,1100.0,2040.0,75.0,0.36585365853658536,0.12195121951219512,0.0,0.024390243902439025,0.2682926829268293,0.1951219512195122,400.0,4000.0,"Statistics Canada, 2021 Census Profile 98-401-X2021006, dissemination areas",https://www12.statcan.gc.ca/census-recensement/2021/dp-pd/prof/details/download-telecharger.cfm,Statistics Canada 2021 DA cartographic boundary file (92-169-X),Statistics Canada Open Licence,"Population aged 18 and over from the 2021 Census of Population, used as a demographic proxy for potential electorate size. This is NOT a count of eligible or registered electors: it excludes citizenship and residency requirements, reflects 2021 conditions, and is subject to Statistics Canada random rounding.",2026-08-12T14:55:43+00:00,Directly from the 2021 Census Profile for that dissemination area.
59150091,2021S051259150091,0.0522,59,781.0,518.0,429.0,14961.7,0.05,780.0,65.0,600.0,45.0,55.0,65.0,80.0,75.0,60.0,50.0,55.0,55.0,55.0,120.0,45.0,25.0,25.0,5.0,10.0,42.4,40.4,425.0,0.0,0.0,0.0,0.0,315.0,110.0,0.0,0.0,205.0,1.8,780.0,620.0,85.0,535.0,160.0,18.0,689.0,population_2021 - age_0_14 - (3/5 * age_15_19),120.0,40.0,10.0,218.0,185.0,165.0,15620.0,13780.0,2400.0,8580.0,425.0,1.0,1.0,0.25882352941176473,0.0,0.0,0.4823529411764706,535.0,10700.0,"Statistics Canada, 2021 Census Profile 98-401-X2021006, dissemination areas",https://www12.statcan.gc.ca/census-recensement/2021/dp-pd/prof/details/download-telecharger.cfm,Statistics Canada 2021 DA cartographic boundary file (92-169-X),Statistics Canada Open Licence,"Population aged 18 and over from the 2021 Census of Population, used as a demographic proxy for potential electorate size. This is NOT a count of eligible or registered electors: it excludes citizenship and residency requirements, reflects 2021 conditions, and is subject to Statistics Canada random rounding.",2026-08-12T14:55:43+00:00,Directly from the 2021 Census Profile for that dissemination area.
59150092,2021S051259150092,0.0514,59,598.0,371.0,343.0,11634.2,0.05,600.0,40.0,450.0,20.0,45.0,50.0,65.0,50.0,45.0,35.0,40.0,45.0,50.0,105.0,30.0,20.0,25.0,10.0,15.0,44.2,42.0,340.0,0.0,0.0,10.0,5.0,235.0,90.0,0.0,0.0,175.0,1.7,610.0,415.0,20.0,400.0,195.0,8.0,546.0,population_2021 - age_0_14 - (3/5 * age_15_19),105.0,50.0,15.0,168.0,130.0,135.0,11960.0,10920.0,2100.0,6860.0,340.0,1.0,0.9558823529411765,0.2647058823529412,0.029411764705882353,0.0,0.5147058823529411,400.0,8000.0,"Statistics Canada, 2021 Census Profile 98-401-X2021006, dissemination areas",https://www12.statcan.gc.ca/census-recensement/2021/dp-pd/prof/details/download-telecharger.cfm,Statistics Canada 2021 DA cartographic boundary file (92-169-X),Statistics Canada Open Licence,"Population aged 18 and over from the 2021 Census of Population, used as a demographic proxy for potential electorate size. This is NOT a count of eligible or registered electors: it excludes citizenship and residency requirements, reflects 2021 conditions, and is subject to Statistics Canada random rounding.",2026-08-12T14:55:43+00:00,Directly from the 2021 Census Profile for that dissemination area.
59150093,2021S051259150093,0.1028,59,593.0,285.0,267.0,5768.5,0.1,590.0,80.0,370.0,35.0,25.0,40.0,45.0,40.0,35.0,35.0,50.0,30.0,45.0,145.0,40.0,45.0,25.0,15.0,20.0,44.9,45.2,265.0,20.0,20.0,15.0,20.0,150.0,40.0,0.0,0.0,95.0,2.2,590.0,485.0,90.0,400.0,105.0,14.0,492.0,population_2021 - age_0_14 - (3/5 * age_15_19),145.0,60.0,20.0,124.0,110.0,125.0,5930.0,4920.0,1450.0,2670.0,225.0,0.8490566037735849,0.7169811320754716,0.1509433962264151,0.05660377358490566,0.07547169811320754,0.3584905660377358,400.0,4000.0,"Statistics Canada, 2021 Census Profile 98-401-X2021006, dissemination areas",https://www12.statcan.gc.ca/census-recensement/2021/dp-pd/prof/details/download-telecharger.cfm,Statistics Canada 2021 DA cartographic boundary file (92-169-X),Statistics Canada Open Licence,"Population aged 18 and over from the 2021 Census of Population, used as a demographic proxy for potential electorate size. This is NOT a count of eligible or registered electors: it excludes citizenship and residency requirements, reflects 2021 conditions, and is subject to Statistics Canada random rounding.",2026-08-12T14:55:43+00:00,Directly from the 2021 Census Profile for that dissemination area.
59150094,2021S051259150094,0.0788,59,687.0,323.0,317.0,8718.3,0.08,685.0,85.0,470.0,30.0,45.0,35.0,50.0,55.0,50.0,50.0,55.0,45.0,60.0,130.0,45.0,30.0,25.0,10.0,20.0,43.7,44.0,320.0,10.0,40.0,80.0,20.0,160.0,0.0,0.0,0.0,105.0,2.2,725.0,645.0,95.0,545.0,85.0,12.0,584.0,population_2021 - age_0_14 - (3/5 * age_15_19),130.0,55.0,20.0,142.0,155.0,160.0,8587.5,7300.0,1625.0,3962.5,260.0,0.8125,0.5,0.0,0.25,0.03125,0.328125,545.0,6812.5,"Statistics Canada, 2021 Census Profile 98-401-X2021006, dissemination areas",https://www12.statcan.gc.ca/census-recensement/2021/dp-pd/prof/details/download-telecharger.cfm,Statistics Canada 2021 DA cartographic boundary file (92-169-X),Statistics Canada Open Licence,"Population aged 18 and over from the 2021 Census of Population, used as a demographic proxy for potential electorate size. This is NOT a count of eligible or registered electors: it excludes citizenship and residency requirements, reflects 2021 conditions, and is subject to Statistics Canada random rounding.",2026-08-12T14:55:43+00:00,Directly from the 2021 Census Profile for that dissemination area.
59150095,2021S051259150095,0.1275,59,530.0,208.0,193.0,4156.9,0.13,530.0,85.0,375.0,40.0,25.0,30.0,20.0,20.0,40.0,50.0,50.0,45.0,55.0,70.0,30.0,20.0,10.0,10.0,0.0,41.5,45.2,195.0,85.0,0.0,0.0,105.0,5.0,0.0,0.0,0.0,40.0,2.7,490.0,435.0,75.0,360.0,55.0,16.0,421.0,population_2021 - age_0_14 - (3/5 * age_15_19),70.0,20.0,0.0,91.0,110.0,150.0,4076.9230769230767,3238.4615384615386,538.4615384615385,1484.6153846153845,110.0,0.5641025641025641,0.02564102564102564,0.0,0.0,0.4358974358974359,0.20512820512820512,360.0,2769.230769230769,"Statistics Canada, 2021 Census Profile 98-401-X2021006, dissemination areas",https://www12.statcan.gc.ca/census-recensement/2021/dp-pd/prof/details/download-telecharger.cfm,Statistics Canada 2021 DA cartographic boundary file (92-169-X),Statistics Canada Open Licence,"Population aged 18 and over from the 2021 Census of Population, used as a demographic proxy for potential electorate size. This is NOT a count of eligible or registered electors: it excludes citizenship and residency requirements, reflects 2021 conditions, and is subject to Statistics Canada random rounding.",2026-08-12T14:55:43+00:00,Directly from the 2021 Census Profile for that dissemination area.
59150096,2021S051259150096,0.1728,59,569.0,218.0,213.0,3292.8,0.17,570.0,80.0,375.0,30.0,35.0,35.0,20.0,35.0,50.0,40.0,40.0,40.0,40.0,115.0,40.0,40.0,20.0,10.0,15.0,43.4,44.8,210.0,85.0,0.0,0.0,125.0,0.0,0.0,0.0,0.0,50.0,2.7,490.0,450.0,75.0,370.0,40.0,12.0,471.0,population_2021 - age_0_14 - (3/5 * age_15_19),115.0,45.0,15.0,102.0,125.0,120.0,3347.0588235294117,2770.5882352941176,676.470588235294,1252.941176470588,125.0,0.5952380952380952,0.0,0.0,0.0,0.40476190476190477,0.23809523809523808,370.0,2176.470588235294,"Statistics Canada, 2021 Census Profile 98-401-X2021006, dissemination areas",https://www12.statcan.gc.ca/census-recensement/2021/dp-pd/prof/details/download-telecharger.cfm,Statistics Canada 2021 DA cartographic boundary file (92-169-X),Statistics Canada Open Licence,"Population aged 18 and over from the 2021 Census of Population, used as a demographic proxy for potential electorate size. This is NOT a count of eligible or registered electors: it excludes citizenship and residency requirements, reflects 2021 conditions, and is subject to Statistics Canada random rounding.",2026-08-12T14:55:43+00:00,Directly from the 2021 Census Profile for that dissemination area.
59150097,2021S051259150097,0.1637,59,711.0,263.0,248.0,4343.3,0.16,710.0,125.0,475.0,55.0,30.0,30.0,30.0,45.0,45.0,70.0,65.0,55.0,55.0,110.0,40.0,15.0,25.0,15.0,15.0,41.4,44.0,250.0,140.0,0.0,0.0,95.0,5.0,0.0,0.0,0.0,45.0,2.9,670.0,590.0,100.0,495.0,80.0,22.0,553.0,population_2021 - age_0_14 - (3/5 * age_15_19),110.0,55.0,15.0,112.0,160.0,175.0,4443.75,3456.25,687.5,1550.0,100.0,0.4,0.02,0.0,0.0,0.56,0.18,495.0,3093.75,"Statistics Canada, 2021 Census Profile 98-401-X2021006, dissemination areas",https://www12.statcan.gc.ca/census-recensement/2021/dp-pd/prof/details/download-telecharger.cfm,Statistics Canada 2021 DA cartographic boundary file (92-169-X),Statistics Canada Open Licence,"Population aged 18 and over from the 2021 Census of Population, used as a demographic proxy for potential electorate size. This is NOT a count of eligible or registered electors: it excludes citizenship and residency requirements, reflects 2021 conditions, and is subject to Statistics Canada random rounding.",2026-08-12T14:55:43+00:00,Directly from the 2021 Census Profile for that dissemination area.
59150098,2021S051259150098,0.1125,59,429.0,195.0,185.0,3813.3,0.11,430.0,75.0,290.0,30.0,20.0,10.0,15.0,25.0,30.0,45.0,40.0,30.0,40.0,65.0,25.0,15.0,20.0,5.0,5.0,42.2,46.0,185.0,20.0,0.0,5.0,30.0,125.0,0.0,0.0,0.0,50.0,2.3,445.0,400.0,70.0,325.0,50.0,12.0,336.0,population_2021 - age_0_14 - (3/5 * age_15_19),65.0,30.0,5.0,57.0,100.0,110.0,3900.0,3054.5454545454545,590.9090909090909,1681.8181818181818,160.0,0.8648648648648649,0.6756756756756757,0.0,0.02702702702702703,0.10810810810810811,0.2702702702702703,325.0,2954.5454545454545,"Statistics Canada, 2021 Census Profile 98-401-X2021006, dissemination areas",https://www12.statcan.gc.ca/census-recensement/2021/dp-pd/prof/details/download-telecharger.cfm,Statistics Canada 2021 DA cartographic boundary file (92-169-X),Statistics Canada Open Licence,"Population aged 18 and over from the 2021 Census of Population, used as a demographic proxy for potential electorate size. This is NOT a count of eligible or registered electors: it excludes citizenship and residency requirements, reflects 2021 conditions, and is subject to Statistics Canada random rounding.",2026-08-12T14:55:43+00:00,Directly from the 2021 Census Profile for that dissemination area.
59150099,2021S051259150099,0.1048,59,581.0,206.0,202.0,5543.9,0.1,580.0,100.0,420.0,40.0,35.0,40.0,35.0,30.0,55.0,55.0,40.0,40.0,45.0,60.0,30.0,10.0,5.0,10.0,5.0,38.2,40.0,205.0,10.0,0.0,115.0,15.0,65.0,0.0,0.0,0.0,30.0,2.9,585.0,535.0,115.0,420.0,55.0,16.0,457.0,population_2021 - age_0_14 - (3/5 * age_15_19),60.0,20.0,5.0,126.0,140.0,125.0,5810.0,4570.0,600.0,2020.0,195.0,0.9512195121951219,0.3170731707317073,0.0,0.5609756097560976,0.04878048780487805,0.14634146341463414,420.0,4200.0,"Statistics Canada, 2021 Census Profile 98-401-X2021006, dissemination areas",https://www12.statcan.gc.ca/census-recensement/2021/dp-pd/prof/details/download-telecharger.cfm,Statistics Canada 2021 DA cartographic boundary file (92-169-X),Statistics Canada Open Licence,"Population aged 18 and over from the 2021 Census of Population, used as a demographic proxy for potential electorate size. This is NOT a count of eligible or registered electors: it excludes citizenship and residency requirements, reflects 2021 conditions, and is subject to Statistics Canada random rounding.",2026-08-12T14:55:43+00:00,Directly from the 2021 Census Profile for that dissemination area.
59150140,2021S051259150140,0.0922,59,498.0,221.0,214.0,5401.3,0.09,495.0,70.0,340.0,20.0,45.0,25.0,30.0,35.0,20.0,40.0,30.0,50.0,40.0,80.0,30.0,20.0,15.0,10.0,5.0,42.0,44.0,215.0,40.0,0.0,5.0,70.0,100.0,0.0,0.0,0.0,85.0,2.3,500.0,490.0,65.0,420.0,10.0,8.0,416.0,population_2021 - age_0_14 - (3/5 * age_15_19),80.0,30.0,5.0,108.0,95.0,120.0,5533.333333333334,4622.222222222223,888.8888888888889,2377.777777777778,175.0,0.813953488372093,0.46511627906976744,0.0,0.023255813953488372,0.18604651162790697,0.3953488372093023,420.0,4666.666666666667,"Statistics Canada, 2021 Census Profile 98-401-X2021006, dissemination areas",https://www12.statcan.gc.ca/census-recensement/2021/dp-pd/prof/details/download-telecharger.cfm,Statistics Canada 2021 DA cartographic boundary file (92-169-X),Statistics Canada Open Licence,"Population aged 18 and over from the 2021 Census of Population, used as a demographic proxy for potential electorate size. This is NOT a count of eligible or registered electors: it excludes citizenship and residency requirements, reflects 2021 conditions, and is subject to Statistics Canada random rounding.",2026-08-12T14:55:43+00:00,Directly from the 2021 Census Profile for that dissemination area.
59150141,2021S051259150141,0.2783,59,1359.0,713.0,668.0,4883.2,0.28,1355.0,165.0,955.0,55.0,40.0,80.0,115.0,130.0,110.0,105.0,110.0,95.0,115.0,240.0,75.0,65.0,40.0,35.0,25.0,44.1,44.0,670.0,25.0,15.0,15.0,45.0,385.0,185.0,0.0,0.0,260.0,2.0,1385.0,1215.0,215.0,1005.0,170.0,22.0,1161.0,population_2021 - age_0_14 - (3/5 * age_15_19),240.0,100.0,25.0,257.0,345.0,320.0,4853.571428571428,4146.428571428571,857.1428571428571,2385.7142857142853,630.0,0.9402985074626866,0.8507462686567164,0.27611940298507465,0.022388059701492536,0.03731343283582089,0.3880597014925373,1005.0,3589.2857142857138,"Statistics Canada, 2021 Census Profile 98-401-X2021006, dissemination areas",https://www12.statcan.gc.ca/census-recensement/2021/dp-pd/prof/details/download-telecharger.cfm,Statistics Canada 2021 DA cartographic boundary file (92-169-X),Statistics Canada Open Licence,"Population aged 18 and over from the 2021 Census of Population, used as a demographic proxy for potential electorate size. This is NOT a count of eligible or registered electors: it excludes citizenship and residency requirements, reflects 2021 conditions, and is subject to Statistics Canada random rounding.",2026-08-12T14:55:43+00:00,Directly from the 2021 Census Profile for that dissemination area.
59150142,2021S051259150142,0.1848,59,523.0,213.0,201.0,2830.1,0.18,520.0,90.0,340.0,20.0,30.0,20.0,30.0,45.0,35.0,40.0,55.0,35.0,30.0,90.0,35.0,30.0,10.0,10.0,10.0,42.0,43.6,200.0,80.0,20.0,0.0,100.0,5.0,0.0,0.0,0.0,35.0,2.6,480.0,425.0,65.0,360.0,55.0,8.0,421.0,population_2021 - age_0_14 - (3/5 * age_15_19),90.0,30.0,10.0,88.0,120.0,120.0,2905.5555555555557,2338.888888888889,500.0,1116.6666666666667,105.0,0.525,0.025,0.0,0.0,0.4,0.175,360.0,2000.0,"Statistics Canada, 2021 Census Profile 98-401-X2021006, dissemination areas",https://www12.statcan.gc.ca/census-recensement/2021/dp-pd/prof/details/download-telecharger.cfm,Statistics Canada 2021 DA cartographic boundary file (92-169-X),Statistics Canada Open Licence,"Population aged 18 and over from the 2021 Census of Population, used as a demographic proxy for potential electorate size. This is NOT a count of eligible or registered electors: it excludes citizenship and residency requirements, reflects 2021 conditions, and is subject to Statistics Canada random rounding.",2026-08-12T14:55:43+00:00,Directly from the 2021 Census Profile for that dissemination area.
59150143,2021S051259150143,0.1266,59,497.0,207.0,194.0,3925.8,0.13,495.0,85.0,335.0,25.0,25.0,25.0,25.0,40.0,30.0,40.0,30.0,45.0,45.0,80.0,25.0,15.0,15.0,10.0,15.0,42.6,44.0,195.0,50.0,25.0,0.0,100.0,10.0,0.0,0.0,0.0,55.0,2.6,545.0,455.0,95.0,360.0,90.0,10.0,397.0,population_2021 - age_0_14 - (3/5 * age_15_19),80.0,40.0,15.0,85.0,110.0,120.0,3823.076923076923,3053.846153846154,615.3846153846154,1492.3076923076922,110.0,0.5641025641025641,0.05128205128205128,0.0,0.0,0.2564102564102564,0.28205128205128205,360.0,2769.230769230769,"Statistics Canada, 2021 Census Profile 98-401-X2021006, dissemination areas",https://www12.statcan.gc.ca/census-recensement/2021/dp-pd/prof/details/download-telecharger.cfm,Statistics Canada 2021 DA cartographic boundary file (92-169-X),Statistics Canada Open Licence,"Population aged 18 and over from the 2021 Census of Population, used as a demographic proxy for potential electorate size. This is NOT a count of eligible or registered electors: it excludes citizenship and residency requirements, reflects 2021 conditions, and is subject to Statistics Canada random rounding.",2026-08-12T14:55:43+00:00,Directly from the 2021 Census Profile for that dissemination area.
59150145,2021S051259150145,0.2672,59,833.0,290.0,279.0,3117.5,0.27,835.0,140.0,555.0,45.0,60.0,55.0,40.0,65.0,65.0,70.0,60.0,55.0,50.0,140.0,55.0,50.0,20.0,5.0,10.0,40.9,42.0,280.0,145.0,0.0,0.0,120.0,10.0,0.0,0.0,0.0,40.0,3.0,795.0,745.0,145.0,600.0,45.0,18.0,666.0,population_2021 - age_0_14 - (3/5 * age_15_19),140.0,35.0,10.0,173.0,200.0,165.0,3085.1851851851848,2466.6666666666665,518.5185185185185,1033.3333333333333,130.0,0.4642857142857143,0.03571428571428571,0.0,0.0,0.5178571428571429,0.14285714285714285,600.0,2222.222222222222,"Statistics Canada, 2021 Census Profile 98-401-X2021006, dissemination areas",https://www12.statcan.gc.ca/census-recensement/2021/dp-pd/prof/details/download-telecharger.cfm,Statistics Canada 2021 DA cartographic boundary file (92-169-X),Statistics Canada Open Licence,"Population aged 18 and over from the 2021 Census of Population, used as a demographic proxy for potential electorate size. This is NOT a count of eligible or registered electors: it excludes citizenship and residency requirements, reflects 2021 conditions, and is subject to Statistics Canada random rounding.",2026-08-12T14:55:43+00:00,Directly from the 2021 Census Profile for that dissemination area.
59150146,2021S051259150146,0.1144,59,511.0,173.0,169.0,4466.8,0.11,510.0,75.0,315.0,30.0,25.0,30.0,15.0,35.0,30.0,30.0,35.0,50.0,30.0,120.0,45.0,40.0,10.0,10.0,10.0,44.3,46.4,170.0,135.0,0.0,0.0,30.0,0.0,0.0,0.0,0.0,20.0,3.0,580.0,485.0,110.0,380.0,90.0,12.0,418.0,population_2021 - age_0_14 - (3/5 * age_15_19),120.0,30.0,10.0,82.0,95.0,115.0,4645.454545454545,3800.0,1090.909090909091,1536.3636363636363,30.0,0.17647058823529413,0.0,0.0,0.0,0.7941176470588235,0.11764705882352941,380.0,3454.5454545454545,"Statistics Canada, 2021 Census Profile 98-401-X2021006, dissemination areas",https://www12.statcan.gc.ca/census-recensement/2021/dp-pd/prof/details/download-telecharger.cfm,Statistics Canada 2021 DA cartographic boundary file (92-169-X),Statistics Canada Open Licence,"Population aged 18 and over from the 2021 Census of Population, used as a demographic proxy for potential electorate size. This is NOT a count of eligible or registered electors: it excludes citizenship and residency requirements, reflects 2021 conditions, and is subject to Statistics Canada random rounding.",2026-08-12T14:55:43+00:00,Directly from the 2021 Census Profile for that dissemination area.
59150176,2021S051259150176,0.1055,59,664.0,219.0,218.0,6293.8,0.11,665.0,160.0,470.0,70.0,50.0,15.0,25.0,35.0,50.0,70.0,60.0,50.0,40.0,40.0,20.0,10.0,5.0,5.0,5.0,34.8,36.8,215.0,10.0,0.0,205.0,0.0,0.0,0.0,0.0,0.0,20.0,3.1,645.0,610.0,170.0,440.0,35.0,28.0,462.0,population_2021 - age_0_14 - (3/5 * age_15_19),40.0,15.0,5.0,118.0,155.0,150.0,6036.363636363636,4200.0,363.6363636363636,1981.8181818181818,205.0,0.9534883720930233,0.0,0.0,0.9534883720930233,0.046511627906976744,0.09302325581395349,440.0,4000.0,"Statistics Canada, 2021 Census Profile 98-401-X2021006, dissemination areas",https://www12.statcan.gc.ca/census-recensement/2021/dp-pd/prof/details/download-telecharger.cfm,Statistics Canada 2021 DA cartographic boundary file (92-169-X),Statistics Canada Open Licence,"Population aged 18 and over from the 2021 Census of Population, used as a demographic proxy for potential electorate size. This is NOT a count of eligible or registered electors: it excludes citizenship and residency requirements, reflects 2021 conditions, and is subject to Statistics Canada random rounding.",2026-08-12T14:55:43+00:00,Directly from the 2021 Census Profile for that dissemination area.
59150178,2021S051259150178,0.5149,59,789.0,294.0,278.0,1532.3,0.51,790.0,135.0,525.0,55.0,60.0,35.0,35.0,45.0,60.0,60.0,70.0,65.0,40.0,125.0,25.0,35.0,25.0,15.0,20.0,41.2,42.8,275.0,105.0,35.0,35.0,100.0,0.0,0.0,0.0,0.0,45.0,2.8,795.0,725.0,170.0,555.0,70.0,22.0,621.0,population_2021 - age_0_14 - (3/5 * age_15_19),125.0,60.0,20.0,152.0,165.0,175.0,1547.0588235294117,1217.6470588235293,245.09803921568627,545.0980392156863,135.0,0.4909090909090909,0.0,0.0,0.12727272727272726,0.38181818181818183,0.16363636363636364,555.0,1088.235294117647,"Statistics Canada, 2021 Census Profile 98-401-X2021006, dissemination areas",https://www12.statcan.gc.ca/census-recensement/2021/dp-pd/prof/details/download-telecharger.cfm,Statistics Canada 2021 DA cartographic boundary file (92-169-X),Statistics Canada Open Licence,"Population aged 18 and over from the 2021 Census of Population, used as a demographic proxy for potential electorate size. This is NOT a count of eligible or registered electors: it excludes citizenship and residency requirements, reflects 2021 conditions, and is subject to Statistics Canada random rounding.",2026-08-12T14:55:43+00:00,Directly from the 2021 Census Profile for that dissemination area.
59150180,2021S051259150180,0.1367,59,507.0,190.0,179.0,3708.9,0.14,505.0,95.0,325.0,40.0,30.0,25.0,20.0,30.0,35.0,30.0,50.0,30.0,25.0,90.0,30.0,20.0,15.0,10.0,10.0,40.5,42.0,180.0,120.0,5.0,0.0,55.0,0.0,0.0,0.0,0.0,35.0,2.8,525.0,490.0,100.0,385.0,40.0,16.0,388.0,population_2021 - age_0_14 - (3/5 * age_15_19),90.0,35.0,10.0,91.0,95.0,105.0,3621.428571428571,2771.428571428571,642.8571428571428,1278.5714285714284,55.0,0.3055555555555556,0.0,0.0,0.0,0.6666666666666666,0.19444444444444445,385.0,2749.9999999999995,"Statistics Canada, 2021 Census Profile 98-401-X2021006, dissemination areas",https://www12.statcan.gc.ca/census-recensement/2021/dp-pd/prof/details/download-telecharger.cfm,Statistics Canada 2021 DA cartographic boundary file (92-169-X),Statistics Canada Open Licence,"Population aged 18 and over from the 2021 Census of Population, used as a demographic proxy for potential electorate size. This is NOT a count of eligible or registered electors: it excludes citizenship and residency requirements, reflects 2021 conditions, and is subject to Statistics Canada random rounding.",2026-08-12T14:55:43+00:00,Directly from the 2021 Census Profile for that dissemination area.
59150181,2021S051259150181,0.1696,59,527.0,200.0,187.0,3107.3,0.17,525.0,95.0,350.0,30.0,25.0,35.0,25.0,35.0,40.0,35.0,50.0,35.0,35.0,90.0,35.0,15.0,15.0,10.0,5.0,40.6,42.8,185.0,70.0,5.0,0.0,115.0,0.0,0.0,0.0,0.0,40.0,2.8,425.0,330.0,65.0,265.0,95.0,12.0,414.0,population_2021 - age_0_14 - (3/5 * age_15_19),90.0,30.0,5.0,97.0,110.0,120.0,3100.0,2435.2941176470586,529.4117647058823,1100.0,115.0,0.6216216216216216,0.0,0.0,0.0,0.3783783783783784,0.21621621621621623,265.0,1558.8235294117646,"Statistics Canada, 2021 Census Profile 98-401-X2021006, dissemination areas",https://www12.statcan.gc.ca/census-recensement/2021/dp-pd/prof/details/download-telecharger.cfm,Statistics Canada 2021 DA cartographic boundary file (92-169-X),Statistics Canada Open Licence,"Population aged 18 and over from the 2021 Census of Population, used as a demographic proxy for potential electorate size. This is NOT a count of eligible or registered electors: it excludes citizenship and residency requirements, reflects 2021 conditions, and is subject to Statistics Canada random rounding.",2026-08-12T14:55:43+00:00,Directly from the 2021 Census Profile for that dissemination area.
59150182,2021S051259150182,0.4506,59,838.0,300.0,288.0,1859.7,0.45,835.0,145.0,560.0,60.0,45.0,40.0,35.0,50.0,70.0,55.0,75.0,70.0,55.0,135.0,50.0,30.0,20.0,15.0,20.0,41.4,43.2,285.0,150.0,5.0,0.0,135.0,0.0,0.0,0.0,0.0,50.0,2.9,850.0,775.0,140.0,640.0,75.0,24.0,657.0,population_2021 - age_0_14 - (3/5 * age_15_19),135.0,55.0,20.0,144.0,175.0,200.0,1862.2222222222222,1460.0,300.0,640.0,135.0,0.47368421052631576,0.0,0.0,0.0,0.5263157894736842,0.17543859649122806,640.0,1422.2222222222222,"Statistics Canada, 2021 Census Profile 98-401-X2021006, dissemination areas",https://www12.statcan.gc.ca/census-recensement/2021/dp-pd/prof/details/download-telecharger.cfm,Statistics Canada 2021 DA cartographic boundary file (92-169-X),Statistics Canada Open Licence,"Population aged 18 and over from the 2021 Census of Population, used as a demographic proxy for potential electorate size. This is NOT a count of eligible or registered electors: it excludes citizenship and residency requirements, reflects 2021 conditions, and is subject to Statistics Canada random rounding.",2026-08-12T14:55:43+00:00,Directly from the 2021 Census Profile for that dissemination area.
59150183,2021S051259150183,0.1555,59,764.0,315.0,299.0,4913.2,0.16,765.0,150.0,470.0,50.0,40.0,25.0,45.0,45.0,70.0,50.0,60.0,60.0,30.0,140.0,45.0,35.0,20.0,25.0,20.0,40.9,42.0,300.0,65.0,35.0,35.0,95.0,35.0,35.0,0.0,0.0,85.0,2.6,715.0,665.0,185.0,480.0,55.0,20.0,584.0,population_2021 - age_0_14 - (3/5 * age_15_19),140.0,65.0,20.0,130.0,165.0,150.0,4775.0,3650.0,875.0,1868.75,200.0,0.6666666666666666,0.23333333333333334,0.11666666666666667,0.11666666666666667,0.21666666666666667,0.2833333333333333,480.0,3000.0,"Statistics Canada, 2021 Census Profile 98-401-X2021006, dissemination areas",https://www12.statcan.gc.ca/census-recensement/2021/dp-pd/prof/details/download-telecharger.cfm,Statistics Canada 2021 DA cartographic boundary file (92-169-X),Statistics Canada Open Licence,"Population aged 18 and over from the 2021 Census of Population, used as a demographic proxy for potential electorate size. This is NOT a count of eligible or registered electors: it excludes citizenship and residency requirements, reflects 2021 conditions, and is subject to Statistics Canada random rounding.",2026-08-12T14:55:43+00:00,Directly from the 2021 Census Profile for that dissemination area.
59150184,2021S051259150184,0.0774,59,666.0,260.0,235.0,8604.7,0.08,670.0,55.0,380.0,20.0,30.0,55.0,45.0,25.0,40.0,35.0,35.0,40.0,45.0,240.0,30.0,35.0,20.0,35.0,115.0,53.5,53.2,235.0,0.0,0.0,5.0,0.0,230.0,0.0,0.0,0.0,100.0,2.0,450.0,360.0,35.0,325.0,95.0,8.0,599.0,population_2021 - age_0_14 - (3/5 * age_15_19),240.0,170.0,115.0,138.0,100.0,120.0,8325.0,7487.5,3000.0,2937.5,235.0,1.0,0.9787234042553191,0.0,0.02127659574468085,0.0,0.425531914893617,325.0,4062.5,"Statistics Canada, 2021 Census Profile 98-401-X2021006, dissemination areas",https://www12.statcan.gc.ca/census-recensement/2021/dp-pd/prof/details/download-telecharger.cfm,Statistics Canada 2021 DA cartographic boundary file (92-169-X),Statistics Canada Open Licence,"Population aged 18 and over from the 2021 Census of Population, used as a demographic proxy for potential electorate size. This is NOT a count of eligible or registered electors: it excludes citizenship and residency requirements, reflects 2021 conditions, and is subject to Statistics Canada random rounding.",2026-08-12T14:55:43+00:00,Directly from the 2021 Census Profile for that dissemination area.
59150185,2021S051259150185,0.1052,59,809.0,375.0,365.0,7690.1,0.11,805.0,130.0,515.0,30.0,35.0,50.0,55.0,55.0,70.0,50.0,65.0,60.0,55.0,165.0,65.0,35.0,25.0,20.0,20.0,43.3,44.4,365.0,25.0,75.0,80.0,25.0,160.0,0.0,0.0,0.0,110.0,2.2,785.0,710.0,115.0,595.0,75.0,12.0,661.0,population_2021 - age_0_14 - (3/5 * age_15_19),165.0,65.0,20.0,152.0,175.0,180.0,7354.545454545455,6009.090909090909,1500.0,3318.181818181818,265.0,0.726027397260274,0.4383561643835616,0.0,0.2191780821917808,0.0684931506849315,0.3013698630136986,595.0,5409.090909090909,"Statistics Canada, 2021 Census Profile 98-401-X2021006, dissemination areas",https://www12.statcan.gc.ca/census-recensement/2021/dp-pd/prof/details/download-telecharger.cfm,Statistics Canada 2021 DA cartographic boundary file (92-169-X),Statistics Canada Open Licence,"Population aged 18 and over from the 2021 Census of Population, used as a demographic proxy for potential electorate size. This is NOT a count of eligible or registered electors: it excludes citizenship and residency requirements, reflects 2021 conditions, and is subject to Statistics Canada random rounding.",2026-08-12T14:55:43+00:00,Directly from the 2021 Census Profile for that dissemination area.
59150186,2021S051259150186,0.0525,59,668.0,362.0,353.0,12723.8,0.05,670.0,60.0,480.0,20.0,60.0,65.0,60.0,80.0,50.0,35.0,50.0,40.0,25.0,130.0,45.0,35.0,25.0,20.0,15.0,42.9,39.6,355.0,0.0,0.0,0.0,0.0,270.0,85.0,0.0,0.0,150.0,1.9,645.0,495.0,60.0,440.0,150.0,8.0,596.0,population_2021 - age_0_14 - (3/5 * age_15_19),130.0,60.0,15.0,193.0,165.0,115.0,13360.0,11920.0,2600.0,7060.0,355.0,1.0,1.0,0.23943661971830985,0.0,0.0,0.4225352112676056,440.0,8800.0,"Statistics Canada, 2021 Census Profile 98-401-X2021006, dissemination areas",https://www12.statcan.gc.ca/census-recensement/2021/dp-pd/prof/details/download-telecharger.cfm,Statistics Canada 2021 DA cartographic boundary file (92-169-X),Statistics Canada Open Licence,"Population aged 18 and over from the 2021 Census of Population, used as a demographic proxy for potential electorate size. This is NOT a count of eligible or registered electors: it excludes citizenship and residency requirements, reflects 2021 conditions, and is subject to Statistics Canada random rounding.",2026-08-12T14:55:43+00:00,Directly from the 2021 Census Profile for that dissemination area.
59150187,2021S051259150187,0.087,59,1160.0,737.0,699.0,13333.3,0.09,1160.0,100.0,790.0,15.0,55.0,115.0,140.0,125.0,55.0,90.0,75.0,60.0,60.0,265.0,65.0,60.0,55.0,40.0,45.0,45.6,42.0,700.0,0.0,0.0,0.0,5.0,185.0,510.0,0.0,0.0,360.0,1.7,1235.0,1010.0,95.0,910.0,230.0,6.0,1051.0,population_2021 - age_0_14 - (3/5 * age_15_19),265.0,140.0,45.0,316.0,270.0,195.0,12888.888888888889,11677.777777777777,2944.4444444444443,7766.666666666667,700.0,1.0,0.9928571428571429,0.7285714285714285,0.0,0.0,0.5142857142857142,910.0,10111.111111111111,"Statistics Canada, 2021 Census Profile 98-401-X2021006, dissemination areas",https://www12.statcan.gc.ca/census-recensement/2021/dp-pd/prof/details/download-telecharger.cfm,Statistics Canada 2021 DA cartographic boundary file (92-169-X),Statistics Canada Open Licence,"Population aged 18 and over from the 2021 Census of Population, used as a demographic proxy for potential electorate size. This is NOT a count of eligible or registered electors: it excludes citizenship and residency requirements, reflects 2021 conditions, and is subject to Statistics Canada random rounding.",2026-08-12T14:55:43+00:00,Directly from the 2021 Census Profile for that dissemination area.
59150188,2021S051259150188,0.0264,59,476.0,309.0,300.0,18030.3,0.03,475.0,30.0,260.0,15.0,5.0,20.0,30.0,25.0,45.0,20.0,25.0,30.0,40.0,190.0,45.0,45.0,40.0,20.0,30.0,55.0,58.8,300.0,0.0,0.0,0.0,0.0,10.0,290.0,0.0,0.0,170.0,1.6,545.0,510.0,70.0,440.0,40.0,6.0,437.0,population_2021 - age_0_14 - (3/5 * age_15_19),190.0,90.0,30.0,61.0,90.0,95.0,15866.666666666668,14566.666666666668,6333.333333333334,10000.0,300.0,1.0,1.0,0.9666666666666667,0.0,0.0,0.5666666666666667,440.0,14666.666666666668,"Statistics Canada, 2021 Census Profile 98-401-X2021006, dissemination areas",https://www12.statcan.gc.ca/census-recensement/2021/dp-pd/prof/details/download-telecharger.cfm,Statistics Canada 2021 DA cartographic boundary file (92-169-X),Statistics Canada Open Licence,"Population aged 18 and over from the 2021 Census of Population, used as a demographic proxy for potential electorate size. This is NOT a count of eligible or registered electors: it excludes citizenship and residency requirements, reflects 2021 conditions, and is subject to Statistics Canada random rounding.",2026-08-12T14:55:43+00:00,Directly from the 2021 Census Profile for that dissemination area.
59150189,2021S051259150189,0.0433,59,571.0,347.0,338.0,13187.1,0.04,570.0,55.0,390.0,15.0,20.0,35.0,60.0,60.0,55.0,35.0,40.0,35.0,35.0,125.0,50.0,20.0,30.0,15.0,15.0,45.4,43.6,335.0,0.0,0.0,0.0,0.0,0.0,330.0,0.0,0.0,180.0,1.7,565.0,470.0,45.0,425.0,100.0,6.0,507.0,population_2021 - age_0_14 - (3/5 * age_15_19),125.0,60.0,15.0,121.0,150.0,110.0,14275.0,12675.0,3125.0,8450.0,330.0,0.9850746268656716,0.9850746268656716,0.9850746268656716,0.0,0.0,0.5373134328358209,425.0,10625.0,"Statistics Canada, 2021 Census Profile 98-401-X2021006, dissemination areas",https://www12.statcan.gc.ca/census-recensement/2021/dp-pd/prof/details/download-telecharger.cfm,Statistics Canada 2021 DA cartographic boundary file (92-169-X),Statistics Canada Open Licence,"Population aged 18 and over from the 2021 Census of Population, used as a demographic proxy for potential electorate size. This is NOT a count of eligible or registered electors: it excludes citizenship and residency requirements, reflects 2021 conditions, and is subject to Statistics Canada random rounding.",2026-08-12T14:55:43+00:00,Directly from the 2021 Census Profile for that dissemination area.
59150190,2021S051259150190,0.0317,59,611.0,355.0,345.0,19274.4,0.03,615.0,50.0,470.0,10.0,40.0,65.0,75.0,55.0,40.0,45.0,40.0,55.0,45.0,95.0,45.0,20.0,10.0,0.0,5.0,43.1,41.6,345.0,0.0,0.0,5.0,0.0,295.0,45.0,0.0,0.0,165.0,1.8,655.0,505.0,80.0,425.0,150.0,4.0,555.0,population_2021 - age_0_14 - (3/5 * age_15_19),95.0,15.0,5.0,184.0,140.0,140.0,20366.666666666668,18500.0,3166.666666666667,11500.0,345.0,1.0,0.9855072463768116,0.13043478260869565,0.014492753623188406,0.0,0.4782608695652174,425.0,14166.666666666668,"Statistics Canada, 2021 Census Profile 98-401-X2021006, dissemination areas",https://www12.statcan.gc.ca/census-recensement/2021/dp-pd/prof/details/download-telecharger.cfm,Statistics Canada 2021 DA cartographic boundary file (92-169-X),Statistics Canada Open Licence,"Population aged 18 and over from the 2021 Census of Population, used as a demographic proxy for potential electorate size. This is NOT a count of eligible or registered electors: it excludes citizenship and residency requirements, reflects 2021 conditions, and is subject to Statistics Canada random rounding.",2026-08-12T14:55:43+00:00,Directly from the 2021 Census Profile for that dissemination area.
59150191,2021S051259150191,0.032,59,683.0,398.0,388.0,21343.8,0.03,685.0,55.0,550.0,20.0,45.0,95.0,70.0,60.0,65.0,45.0,60.0,40.0,40.0,80.0,35.0,25.0,15.0,10.0,0.0,40.5,39.2,390.0,0.0,0.0,5.0,0.0,300.0,85.0,0.0,5.0,180.0,1.8,655.0,540.0,45.0,500.0,120.0,8.0,616.0,population_2021 - age_0_14 - (3/5 * age_15_19),80.0,25.0,0.0,218.0,170.0,140.0,22766.666666666668,20533.333333333336,2666.666666666667,12933.333333333334,390.0,1.0,0.9871794871794872,0.21794871794871795,0.01282051282051282,0.0,0.46153846153846156,500.0,16666.666666666668,"Statistics Canada, 2021 Census Profile 98-401-X2021006, dissemination areas",https://www12.statcan.gc.ca/census-recensement/2021/dp-pd/prof/details/download-telecharger.cfm,Statistics Canada 2021 DA cartographic boundary file (92-169-X),Statistics Canada Open Licence,"Population aged 18 and over from the 2021 Census of Population, used as a demographic proxy for potential electorate size. This is NOT a count of eligible or registered electors: it excludes citizenship and residency requirements, reflects 2021 conditions, and is subject to Statistics Canada random rounding.",2026-08-12T14:55:43+00:00,Directly from the 2021 Census Profile for that dissemination area.
59150192,2021S051259150192,0.056,59,1047.0,616.0,583.0,18696.4,0.06,1050.0,100.0,815.0,15.0,40.0,105.0,140.0,150.0,85.0,80.0,75.0,80.0,60.0,130.0,45.0,35.0,30.0,15.0,5.0,41.8,39.2,585.0,0.0,0.0,5.0,0.0,490.0,85.0,0.0,0.0,265.0,1.8,995.0,850.0,95.0,755.0,150.0,6.0,938.0,population_2021 - age_0_14 - (3/5 * age_15_19),130.0,50.0,5.0,291.0,315.0,215.0,17450.0,15633.333333333334,2166.666666666667,9716.666666666668,580.0,0.9914529914529915,0.9829059829059829,0.1452991452991453,0.008547008547008548,0.0,0.452991452991453,755.0,12583.333333333334,"Statistics Canada, 2021 Census Profile 98-401-X2021006, dissemination areas",https://www12.statcan.gc.ca/census-recensement/2021/dp-pd/prof/details/download-telecharger.cfm,Statistics Canada 2021 DA cartographic boundary file (92-169-X),Statistics Canada Open Licence,"Population aged 18 and over from the 2021 Census of Population, used as a demographic proxy for potential electorate size. This is NOT a count of eligible or registered electors: it excludes citizenship and residency requirements, reflects 2021 conditions, and is subject to Statistics Canada random rounding.",2026-08-12T14:55:43+00:00,Directly from the 2021 Census Profile for that dissemination area.
59150193,2021S051259150193,0.0312,59,562.0,371.0,356.0,18012.8,0.03,565.0,35.0,415.0,10.0,30.0,75.0,75.0,65.0,30.0,35.0,25.0,35.0,45.0,110.0,40.0,25.0,20.0,20.0,15.0,44.9,39.6,355.0,0.0,5.0,0.0,0.0,280.0,75.0,0.0,0.0,200.0,1.6,510.0,415.0,20.0,390.0,95.0,4.0,521.0,population_2021 - age_0_14 - (3/5 * age_15_19),110.0,55.0,15.0,184.0,130.0,105.0,18733.333333333336,17366.666666666668,3666.666666666667,11866.666666666668,355.0,1.0,1.0,0.2112676056338028,0.0,0.0,0.5633802816901409,390.0,13000.0,"Statistics Canada, 2021 Census Profile 98-401-X2021006, dissemination areas",https://www12.statcan.gc.ca/census-recensement/2021/dp-pd/prof/details/download-telecharger.cfm,Statistics Canada 2021 DA cartographic boundary file (92-169-X),Statistics Canada Open Licence,"Population aged 18 and over from the 2021 Census of Population, used as a demographic proxy for potential electorate size. This is NOT a count of eligible or registered electors: it excludes citizenship and residency requirements, reflects 2021 conditions, and is subject to Statistics Canada random rounding.",2026-08-12T14:55:43+00:00,Directly from the 2021 Census Profile for that dissemination area.
59150194,2021S051259150194,0.0309,59,573.0,378.0,361.0,18543.7,0.03,575.0,40.0,440.0,10.0,20.0,70.0,75.0,55.0,45.0,30.0,45.0,55.0,40.0,100.0,30.0,25.0,25.0,5.0,15.0,45.0,42.8,360.0,0.0,0.0,5.0,0.0,310.0,50.0,0.0,0.0,205.0,1.6,510.0,400.0,15.0,385.0,110.0,4.0,527.0,population_2021 - age_0_14 - (3/5 * age_15_19),100.0,45.0,15.0,169.0,130.0,140.0,19100.0,17566.666666666668,3333.3333333333335,12033.333333333334,365.0,1.0138888888888888,1.0,0.1388888888888889,0.013888888888888888,0.0,0.5694444444444444,385.0,12833.333333333334,"Statistics Canada, 2021 Census Profile 98-401-X2021006, dissemination areas",https://www12.statcan.gc.ca/census-recensement/2021/dp-pd/prof/details/download-telecharger.cfm,Statistics Canada 2021 DA cartographic boundary file (92-169-X),Statistics Canada Open Licence,"Population aged 18 and over from the 2021 Census of Population, used as a demographic proxy for potential electorate size. This is NOT a count of eligible or registered electors: it excludes citizenship and residency requirements, reflects 2021 conditions, and is subject to Statistics Canada random rounding.",2026-08-12T14:55:43+00:00,Directly from the 2021 Census Profile for that dissemination area.
59150195,2021S051259150195,0.0914,59,735.0,326.0,321.0,8041.6,0.09,735.0,115.0,460.0,30.0,30.0,25.0,55.0,65.0,40.0,50.0,55.0,55.0,50.0,160.0,50.0,45.0,25.0,20.0,15.0,43.7,44.8,320.0,10.0,55.0,155.0,5.0,95.0,0.0,0.0,0.0,90.0,2.3,730.0,600.0,105.0,490.0,130.0,12.0,602.0,population_2021 - age_0_14 - (3/5 * age_15_19),160.0,60.0,15.0,122.0,155.0,160.0,8166.666666666667,6688.888888888889,1777.7777777777778,3566.666666666667,255.0,0.796875,0.296875,0.0,0.484375,0.03125,0.28125,490.0,5444.444444444444,"Statistics Canada, 2021 Census Profile 98-401-X2021006, dissemination areas",https://www12.statcan.gc.ca/census-recensement/2021/dp-pd/prof/details/download-telecharger.cfm,Statistics Canada 2021 DA cartographic boundary file (92-169-X),Statistics Canada Open Licence,"Population aged 18 and over from the 2021 Census of Population, used as a demographic proxy for potential electorate size. This is NOT a count of eligible or registered electors: it excludes citizenship and residency requirements, reflects 2021 conditions, and is subject to Statistics Canada random rounding.",2026-08-12T14:55:43+00:00,Directly from the 2021 Census Profile for that dissemination area.
59150196,2021S051259150196,0.0587,59,564.0,238.0,234.0,9608.2,0.06,565.0,85.0,405.0,20.0,25.0,40.0,45.0,50.0,45.0,40.0,50.0,45.0,40.0,75.0,25.0,25.0,20.0,5.0,0.0,40.8,40.8,235.0,10.0,35.0,150.0,30.0,5.0,0.0,0.0,0.0,50.0,2.4,610.0,555.0,120.0,440.0,55.0,8.0,467.0,population_2021 - age_0_14 - (3/5 * age_15_19),75.0,25.0,0.0,118.0,135.0,135.0,9400.0,7783.333333333334,1250.0,3900.0,185.0,0.7872340425531915,0.02127659574468085,0.0,0.6382978723404256,0.0425531914893617,0.2127659574468085,440.0,7333.333333333334,"Statistics Canada, 2021 Census Profile 98-401-X2021006, dissemination areas",https://www12.statcan.gc.ca/census-recensement/2021/dp-pd/prof/details/download-telecharger.cfm,Statistics Canada 2021 DA cartographic boundary file (92-169-X),Statistics Canada Open Licence,"Population aged 18 and over from the 2021 Census of Population, used as a demographic proxy for potential electorate size. This is NOT a count of eligible or registered electors: it excludes citizenship and residency requirements, reflects 2021 conditions, and is subject to Statistics Canada random rounding.",2026-08-12T14:55:43+00:00,Directly from the 2021 Census Profile for that dissemination area.
59150197,2021S051259150197,0.0271,59,544.0,333.0,319.0,20073.8,0.03,545.0,50.0,370.0,10.0,15.0,70.0,60.0,65.0,35.0,35.0,20.0,25.0,35.0,125.0,35.0,40.0,30.0,10.0,10.0,44.1,40.0,320.0,0.0,0.0,0.0,0.0,150.0,165.0,0.0,0.0,170.0,1.7,475.0,365.0,15.0,355.0,110.0,4.0,488.0,population_2021 - age_0_14 - (3/5 * age_15_19),125.0,50.0,10.0,149.0,135.0,80.0,18133.333333333336,16266.666666666668,4166.666666666667,10633.333333333334,315.0,0.984375,0.984375,0.515625,0.0,0.0,0.53125,355.0,11833.333333333334,"Statistics Canada, 2021 Census Profile 98-401-X2021006, dissemination areas",https://www12.statcan.gc.ca/census-recensement/2021/dp-pd/prof/details/download-telecharger.cfm,Statistics Canada 2021 DA cartographic boundary file (92-169-X),Statistics Canada Open Licence,"Population aged 18 and over from the 2021 Census of Population, used as a demographic proxy for potential electorate size. This is NOT a count of eligible or registered electors: it excludes citizenship and residency requirements, reflects 2021 conditions, and is subject to Statistics Canada random rounding.",2026-08-12T14:55:43+00:00,Directly from the 2021 Census Profile for that dissemination area.
59150198,2021S051259150198,0.0536,59,735.0,404.0,394.0,13712.7,0.05,735.0,65.0,590.0,30.0,40.0,100.0,105.0,70.0,45.0,60.0,50.0,50.0,45.0,75.0,30.0,25.0,15.0,5.0,5.0,39.8,36.0,395.0,0.0,20.0,5.0,0.0,360.0,0.0,0.0,0.0,180.0,1.9,770.0,620.0,105.0,515.0,150.0,12.0,652.0,population_2021 - age_0_14 - (3/5 * age_15_19),75.0,25.0,5.0,257.0,175.0,145.0,14700.0,13040.0,1500.0,7880.0,365.0,0.9240506329113924,0.9113924050632911,0.0,0.012658227848101266,0.0,0.45569620253164556,515.0,10300.0,"Statistics Canada, 2021 Census Profile 98-401-X2021006, dissemination areas",https://www12.statcan.gc.ca/census-recensement/2021/dp-pd/prof/details/download-telecharger.cfm,Statistics Canada 2021 DA cartographic boundary file (92-169-X),Statistics Canada Open Licence,"Population aged 18 and over from the 2021 Census of Population, used as a demographic proxy for potential electorate size. This is NOT a count of eligible or registered electors: it excludes citizenship and residency requirements, reflects 2021 conditions, and is subject to Statistics Canada random rounding.",2026-08-12T14:55:43+00:00,Directly from the 2021 Census Profile for that dissemination area.
59150199,2021S051259150199,0.0548,59,588.0,371.0,339.0,10729.9,0.05,590.0,50.0,455.0,20.0,35.0,65.0,65.0,55.0,40.0,40.0,55.0,40.0,40.0,80.0,30.0,25.0,15.0,5.0,0.0,42.0,40.4,340.0,0.0,0.0,5.0,5.0,325.0,0.0,0.0,0.0,180.0,1.7,525.0,435.0,50.0,380.0,90.0,8.0,526.0,population_2021 - age_0_14 - (3/5 * age_15_19),80.0,20.0,0.0,173.0,135.0,135.0,11760.0,10520.0,1600.0,6780.0,335.0,0.9852941176470589,0.9558823529411765,0.0,0.014705882352941176,0.0,0.5294117647058824,380.0,7600.0,"Statistics Canada, 2021 Census Profile 98-401-X2021006, dissemination areas",https://www12.statcan.gc.ca/census-recensement/2021/dp-pd/prof/details/download-telecharger.cfm,Statistics Canada 2021 DA cartographic boundary file (92-169-X),Statistics Canada Open Licence,"Population aged 18 and over from the 2021 Census of Population, used as a demographic proxy for potential electorate size. This is NOT a count of eligible or registered electors: it excludes citizenship and residency requirements, reflects 2021 conditions, and is subject to Statistics Canada random rounding.",2026-08-12T14:55:43+00:00,Directly from the 2021 Census Profile for that dissemination area.
59150200,2021S051259150200,1.2883,59,1215.0,614.0,560.0,943.1,1.29,1215.0,190.0,950.0,35.0,40.0,130.0,240.0,195.0,110.0,65.0,60.0,30.0,55.0,70.0,35.0,25.0,5.0,5.0,5.0,34.8,34.8,560.0,15.0,5.0,85.0,120.0,285.0,50.0,5.0,0.0,160.0,2.2,1330.0,1110.0,220.0,890.0,220.0,14.0,1004.0,population_2021 - age_0_14 - (3/5 * age_15_19),70.0,15.0,5.0,424.0,370.0,145.0,941.860465116279,778.2945736434108,54.263565891472865,434.1085271317829,540.0,0.9642857142857143,0.5982142857142857,0.08928571428571429,0.15178571428571427,0.026785714285714284,0.2857142857142857,890.0,689.922480620155,"Statistics Canada, 2021 Census Profile 98-401-X2021006, dissemination areas",https://www12.statcan.gc.ca/census-recensement/2021/dp-pd/prof/details/download-telecharger.cfm,Statistics Canada 2021 DA cartographic boundary file (92-169-X),Statistics Canada Open Licence,"Population aged 18 and over from the 2021 Census of Population, used as a demographic proxy for potential electorate size. This is NOT a count of eligible or registered electors: it excludes citizenship and residency requirements, reflects 2021 conditions, and is subject to Statistics Canada random rounding.",2026-08-12T14:55:43+00:00,Directly from the 2021 Census Profile for that dissemination area.
59150201,2021S051259150201,0.0826,59,577.0,258.0,243.0,6985.5,0.08,575.0,90.0,435.0,30.0,35.0,45.0,65.0,55.0,55.0,35.0,45.0,40.0,20.0,55.0,25.0,10.0,5.0,10.0,5.0,37.2,36.0,245.0,10.0,80.0,5.0,10.0,140.0,0.0,0.0,0.0,75.0,2.4,580.0,450.0,100.0,355.0,130.0,12.0,469.0,population_2021 - age_0_14 - (3/5 * age_15_19),55.0,20.0,5.0,157.0,145.0,105.0,7212.5,5862.5,687.5,3037.5,155.0,0.6326530612244898,0.5714285714285714,0.0,0.02040816326530612,0.04081632653061224,0.30612244897959184,355.0,4437.5,"Statistics Canada, 2021 Census Profile 98-401-X2021006, dissemination areas",https://www12.statcan.gc.ca/census-recensement/2021/dp-pd/prof/details/download-telecharger.cfm,Statistics Canada 2021 DA cartographic boundary file (92-169-X),Statistics Canada Open Licence,"Population aged 18 and over from the 2021 Census of Population, used as a demographic proxy for potential electorate size. This is NOT a count of eligible or registered electors: it excludes citizenship and residency requirements, reflects 2021 conditions, and is subject to Statistics Canada random rounding.",2026-08-12T14:55:43+00:00,Directly from the 2021 Census Profile for that dissemination area.
59150202,2021S051259150202,0.1845,59,834.0,337.0,306.0,4520.3,0.18,835.0,145.0,610.0,40.0,50.0,65.0,75.0,80.0,55.0,60.0,65.0,60.0,50.0,80.0,40.0,20.0,10.0,5.0,5.0,37.6,38.0,305.0,80.0,25.0,0.0,70.0,115.0,20.0,0.0,0.0,70.0,2.7,850.0,710.0,150.0,560.0,135.0,16.0,665.0,population_2021 - age_0_14 - (3/5 * age_15_19),80.0,20.0,5.0,206.0,195.0,175.0,4633.333333333334,3694.444444444445,444.44444444444446,1700.0,205.0,0.6721311475409836,0.4426229508196721,0.06557377049180328,0.0,0.26229508196721313,0.22950819672131148,560.0,3111.1111111111113,"Statistics Canada, 2021 Census Profile 98-401-X2021006, dissemination areas",https://www12.statcan.gc.ca/census-recensement/2021/dp-pd/prof/details/download-telecharger.cfm,Statistics Canada 2021 DA cartographic boundary file (92-169-X),Statistics Canada Open Licence,"Population aged 18 and over from the 2021 Census of Population, used as a demographic proxy for potential electorate size. This is NOT a count of eligible or registered electors: it excludes citizenship and residency requirements, reflects 2021 conditions, and is subject to Statistics Canada random rounding.",2026-08-12T14:55:43+00:00,Directly from the 2021 Census Profile for that dissemination area.
59150203,2021S051259150203,0.1679,59,659.0,286.0,269.0,3925.0,0.17,660.0,105.0,460.0,35.0,45.0,45.0,55.0,50.0,50.0,45.0,50.0,50.0,40.0,95.0,35.0,25.0,15.0,15.0,10.0,40.1,39.2,265.0,75.0,20.0,0.0,135.0,35.0,0.0,0.0,0.0,70.0,2.5,630.0,595.0,75.0,515.0,40.0,14.0,533.0,population_2021 - age_0_14 - (3/5 * age_15_19),95.0,40.0,10.0,159.0,145.0,140.0,3876.4705882352937,3135.2941176470586,558.8235294117646,1582.3529411764705,170.0,0.6415094339622641,0.1320754716981132,0.0,0.0,0.2830188679245283,0.2641509433962264,515.0,3029.411764705882,"Statistics Canada, 2021 Census Profile 98-401-X2021006, dissemination areas",https://www12.statcan.gc.ca/census-recensement/2021/dp-pd/prof/details/download-telecharger.cfm,Statistics Canada 2021 DA cartographic boundary file (92-169-X),Statistics Canada Open Licence,"Population aged 18 and over from the 2021 Census of Population, used as a demographic proxy for potential electorate size. This is NOT a count of eligible or registered electors: it excludes citizenship and residency requirements, reflects 2021 conditions, and is subject to Statistics Canada random rounding.",2026-08-12T14:55:43+00:00,Directly from the 2021 Census Profile for that dissemination area.
59150204,2021S051259150204,0.1405,59,796.0,342.0,330.0,5665.5,0.14,795.0,130.0,510.0,20.0,30.0,40.0,50.0,50.0,60.0,50.0,50.0,75.0,85.0,155.0,45.0,55.0,25.0,15.0,10.0,44.2,46.8,330.0,55.0,80.0,85.0,50.0,50.0,5.0,0.0,0.0,80.0,2.4,860.0,780.0,175.0,600.0,85.0,8.0,654.0,population_2021 - age_0_14 - (3/5 * age_15_19),155.0,50.0,10.0,128.0,160.0,210.0,5685.714285714285,4671.428571428571,1107.142857142857,2357.142857142857,190.0,0.5757575757575758,0.16666666666666666,0.015151515151515152,0.25757575757575757,0.16666666666666666,0.24242424242424243,600.0,4285.714285714285,"Statistics Canada, 2021 Census Profile 98-401-X2021006, dissemination areas",https://www12.statcan.gc.ca/census-recensement/2021/dp-pd/prof/details/download-telecharger.cfm,Statistics Canada 2021 DA cartographic boundary file (92-169-X),Statistics Canada Open Licence,"Population aged 18 and over from the 2021 Census of Population, used as a demographic proxy for potential electorate size. This is NOT a count of eligible or registered electors: it excludes citizenship and residency requirements, reflects 2021 conditions, and is subject to Statistics Canada random rounding.",2026-08-12T14:55:43+00:00,Directly from the 2021 Census Profile for that dissemination area.
59150205,2021S051259150205,0.1948,59,601.0,227.0,209.0,3085.2,0.19,600.0,110.0,395.0,40.0,30.0,30.0,45.0,45.0,50.0,40.0,50.0,35.0,35.0,95.0,35.0,30.0,10.0,15.0,5.0,40.1,40.8,210.0,100.0,0.0,0.0,110.0,5.0,0.0,0.0,0.0,40.0,2.9,615.0,595.0,140.0,455.0,20.0,16.0,467.0,population_2021 - age_0_14 - (3/5 * age_15_19),95.0,30.0,5.0,121.0,135.0,120.0,3163.157894736842,2457.8947368421054,500.0,1100.0,115.0,0.5476190476190477,0.023809523809523808,0.0,0.0,0.47619047619047616,0.19047619047619047,455.0,2394.7368421052633,"Statistics Canada, 2021 Census Profile 98-401-X2021006, dissemination areas",https://www12.statcan.gc.ca/census-recensement/2021/dp-pd/prof/details/download-telecharger.cfm,Statistics Canada 2021 DA cartographic boundary file (92-169-X),Statistics Canada Open Licence,"Population aged 18 and over from the 2021 Census of Population, used as a demographic proxy for potential electorate size. This is NOT a count of eligible or registered electors: it excludes citizenship and residency requirements, reflects 2021 conditions, and is subject to Statistics Canada random rounding.",2026-08-12T14:55:43+00:00,Directly from the 2021 Census Profile for that dissemination area.
59150206,2021S051259150206,0.297,59,595.0,232.0,219.0,2003.4,0.3,595.0,95.0,385.0,40.0,35.0,20.0,30.0,35.0,35.0,40.0,65.0,50.0,35.0,115.0,35.0,30.0,20.0,15.0,15.0,43.1,46.4,220.0,110.0,5.0,0.0,95.0,5.0,0.0,0.0,0.0,50.0,2.7,605.0,600.0,150.0,440.0,10.0,16.0,476.0,population_2021 - age_0_14 - (3/5 * age_15_19),115.0,50.0,15.0,101.0,110.0,150.0,1983.3333333333335,1586.6666666666667,383.33333333333337,730.0,100.0,0.45454545454545453,0.022727272727272728,0.0,0.0,0.5,0.22727272727272727,440.0,1466.6666666666667,"Statistics Canada, 2021 Census Profile 98-401-X2021006, dissemination areas",https://www12.statcan.gc.ca/census-recensement/2021/dp-pd/prof/details/download-telecharger.cfm,Statistics Canada 2021 DA cartographic boundary file (92-169-X),Statistics Canada Open Licence,"Population aged 18 and over from the 2021 Census of Population, used as a demographic proxy for potential electorate size. This is NOT a count of eligible or registered electors: it excludes citizenship and residency requirements, reflects 2021 conditions, and is subject to Statistics Canada random rounding.",2026-08-12T14:55:43+00:00,Directly from the 2021 Census Profile for that dissemination area.
59150210,2021S051259150210,0.2429,59,658.0,260.0,249.0,2708.9,0.24,660.0,95.0,440.0,35.0,35.0,45.0,40.0,35.0,40.0,45.0,55.0,45.0,45.0,125.0,40.0,35.0,20.0,20.0,10.0,42.8,44.8,245.0,105.0,0.0,0.0,140.0,5.0,0.0,0.0,0.0,55.0,2.6,590.0,530.0,115.0,415.0,55.0,14.0,542.0,population_2021 - age_0_14 - (3/5 * age_15_19),125.0,50.0,10.0,134.0,120.0,145.0,2741.666666666667,2258.3333333333335,520.8333333333334,1037.5,145.0,0.5918367346938775,0.02040816326530612,0.0,0.0,0.42857142857142855,0.22448979591836735,415.0,1729.1666666666667,"Statistics Canada, 2021 Census Profile 98-401-X2021006, dissemination areas",https://www12.statcan.gc.ca/census-recensement/2021/dp-pd/prof/details/download-telecharger.cfm,Statistics Canada 2021 DA cartographic boundary file (92-169-X),Statistics Canada Open Licence,"Population aged 18 and over from the 2021 Census of Population, used as a demographic proxy for potential electorate size. This is NOT a count of eligible or registered electors: it excludes citizenship and residency requirements, reflects 2021 conditions, and is subject to Statistics Canada random rounding.",2026-08-12T14:55:43+00:00,Directly from the 2021 Census Profile for that dissemination area.
59150212,2021S051259150212,0.4721,59,365.0,142.0,129.0,773.1,0.47,365.0,55.0,260.0,20.0,25.0,25.0,35.0,25.0,25.0,20.0,40.0,35.0,20.0,50.0,10.0,10.0,15.0,10.0,5.0,41.1,40.8,125.0,45.0,0.0,0.0,70.0,5.0,0.0,0.0,0.0,25.0,2.8,345.0,320.0,55.0,265.0,20.0,8.0,298.0,population_2021 - age_0_14 - (3/5 * age_15_19),50.0,30.0,5.0,93.0,70.0,95.0,776.5957446808511,634.0425531914894,106.38297872340426,274.468085106383,75.0,0.6,0.04,0.0,0.0,0.36,0.2,265.0,563.8297872340426,"Statistics Canada, 2021 Census Profile 98-401-X2021006, dissemination areas",https://www12.statcan.gc.ca/census-recensement/2021/dp-pd/prof/details/download-telecharger.cfm,Statistics Canada 2021 DA cartographic boundary file (92-169-X),Statistics Canada Open Licence,"Population aged 18 and over from the 2021 Census of Population, used as a demographic proxy for potential electorate size. This is NOT a count of eligible or registered electors: it excludes citizenship and residency requirements, reflects 2021 conditions, and is subject to Statistics Canada random rounding.",2026-08-12T14:55:43+00:00,Directly from the 2021 Census Profile for that dissemination area.
59150213,2021S051259150213,0.1599,59,619.0,244.0,229.0,3871.2,0.16,620.0,90.0,450.0,35.0,30.0,35.0,50.0,45.0,60.0,35.0,45.0,75.0,50.0,80.0,40.0,15.0,10.0,5.0,10.0,41.2,42.4,230.0,85.0,5.0,0.0,135.0,5.0,0.0,0.0,0.0,40.0,2.7,650.0,575.0,115.0,465.0,75.0,14.0,508.0,population_2021 - age_0_14 - (3/5 * age_15_19),80.0,25.0,10.0,129.0,140.0,170.0,3868.75,3175.0,500.0,1431.25,140.0,0.6086956521739131,0.021739130434782608,0.0,0.0,0.3695652173913043,0.17391304347826086,465.0,2906.25,"Statistics Canada, 2021 Census Profile 98-401-X2021006, dissemination areas",https://www12.statcan.gc.ca/census-recensement/2021/dp-pd/prof/details/download-telecharger.cfm,Statistics Canada 2021 DA cartographic boundary file (92-169-X),Statistics Canada Open Licence,"Population aged 18 and over from the 2021 Census of Population, used as a demographic proxy for potential electorate size. This is NOT a count of eligible or registered electors: it excludes citizenship and residency requirements, reflects 2021 conditions, and is subject to Statistics Canada random rounding.",2026-08-12T14:55:43+00:00,Directly from the 2021 Census Profile for that dissemination area.
59151761,2021S051259151761,0.1342,59,545.0,191.0,187.0,4061.1,0.13,545.0,105.0,355.0,40.0,35.0,25.0,20.0,30.0,35.0,35.0,45.0,45.0,40.0,80.0,25.0,20.0,15.0,10.0,5.0,40.2,42.4,190.0,105.0,0.0,0.0,85.0,0.0,0.0,0.0,0.0,40.0,2.9,495.0,460.0,115.0,345.0,30.0,16.0,416.0,population_2021 - age_0_14 - (3/5 * age_15_19),80.0,30.0,5.0,96.0,100.0,130.0,4192.307692307692,3200.0,615.3846153846154,1438.4615384615383,85.0,0.4473684210526316,0.0,0.0,0.0,0.5526315789473685,0.21052631578947367,345.0,2653.846153846154,"Statistics Canada, 2021 Census Profile 98-401-X2021006, dissemination areas",https://www12.statcan.gc.ca/census-recensement/2021/dp-pd/prof/details/download-telecharger.cfm,Statistics Canada 2021 DA cartographic boundary file (92-169-X),Statistics Canada Open Licence,"Population aged 18 and over from the 2021 Census of Population, used as a demographic proxy for potential electorate size. This is NOT a count of eligible or registered electors: it excludes citizenship and residency requirements, reflects 2021 conditions, and is subject to Statistics Canada random rounding.",2026-08-12T14:55:43+00:00,Directly from the 2021 Census Profile for that dissemination area.
59153234,2021S051259153234,0.0555,59,883.0,645.0,616.0,15909.9,0.06,880.0,40.0,560.0,5.0,25.0,105.0,85.0,65.0,40.0,35.0,40.0,65.0,85.0,285.0,60.0,80.0,55.0,50.0,30.0,51.5,54.0,615.0,0.0,0.0,0.0,0.0,165.0,450.0,0.0,0.0,415.0,1.4,910.0,805.0,35.0,765.0,105.0,2.0,840.0,population_2021 - age_0_14 - (3/5 * age_15_19),285.0,135.0,30.0,217.0,140.0,190.0,14716.666666666668,14000.0,4750.0,10266.666666666668,615.0,1.0,1.0,0.7317073170731707,0.0,0.0,0.6747967479674797,765.0,12750.0,"Statistics Canada, 2021 Census Profile 98-401-X2021006, dissemination areas",https://www12.statcan.gc.ca/census-recensement/2021/dp-pd/prof/details/download-telecharger.cfm,Statistics Canada 2021 DA cartographic boundary file (92-169-X),Statistics Canada Open Licence,"Population aged 18 and over from the 2021 Census of Population, used as a demographic proxy for potential electorate size. This is NOT a count of eligible or registered electors: it excludes citizenship and residency requirements, reflects 2021 conditions, and is subject to Statistics Canada random rounding.",2026-08-12T14:55:43+00:00,Directly from the 2021 Census Profile for that dissemination area.
59153235,2021S051259153235,0.0584,59,1494.0,957.0,899.0,25582.2,0.06,1495.0,90.0,1015.0,30.0,40.0,135.0,190.0,150.0,80.0,90.0,95.0,105.0,110.0,385.0,95.0,90.0,85.0,60.0,55.0,48.3,46.8,900.0,5.0,0.0,20.0,0.0,55.0,815.0,0.0,0.0,445.0,1.7,1475.0,1300.0,90.0,1210.0,180.0,12.0,1386.0,population_2021 - age_0_14 - (3/5 * age_15_19),385.0,200.0,55.0,377.0,320.0,310.0,24900.0,23100.0,6416.666666666667,14983.333333333334,890.0,0.9888888888888889,0.9666666666666667,0.9055555555555556,0.022222222222222223,0.005555555555555556,0.49444444444444446,1210.0,20166.666666666668,"Statistics Canada, 2021 Census Profile 98-401-X2021006, dissemination areas",https://www12.statcan.gc.ca/census-recensement/2021/dp-pd/prof/details/download-telecharger.cfm,Statistics Canada 2021 DA cartographic boundary file (92-169-X),Statistics Canada Open Licence,"Population aged 18 and over from the 2021 Census of Population, used as a demographic proxy for potential electorate size. This is NOT a count of eligible or registered electors: it excludes citizenship and residency requirements, reflects 2021 conditions, and is subject to Statistics Canada random rounding.",2026-08-12T14:55:43+00:00,Directly from the 2021 Census Profile for that dissemination area.
59153236,2021S051259153236,0.0299,59,466.0,257.0,249.0,15585.3,0.03,465.0,55.0,345.0,20.0,30.0,45.0,30.0,40.0,25.0,30.0,55.0,45.0,40.0,65.0,25.0,20.0,10.0,5.0,5.0,42.5,44.4,250.0,0.0,0.0,0.0,0.0,210.0,35.0,0.0,0.0,115.0,1.9,515.0,475.0,75.0,400.0,40.0,8.0,399.0,population_2021 - age_0_14 - (3/5 * age_15_19),65.0,20.0,5.0,113.0,95.0,140.0,15533.333333333334,13300.0,2166.666666666667,8300.0,245.0,0.98,0.98,0.14,0.0,0.0,0.46,400.0,13333.333333333334,"Statistics Canada, 2021 Census Profile 98-401-X2021006, dissemination areas",https://www12.statcan.gc.ca/census-recensement/2021/dp-pd/prof/details/download-telecharger.cfm,Statistics Canada 2021 DA cartographic boundary file (92-169-X),Statistics Canada Open Licence,"Population aged 18 and over from the 2021 Census of Population, used as a demographic proxy for potential electorate size. This is NOT a count of eligible or registered electors: it excludes citizenship and residency requirements, reflects 2021 conditions, and is subject to Statistics Canada random rounding.",2026-08-12T14:55:43+00:00,Directly from the 2021 Census Profile for that dissemination area.
59153237,2021S051259153237,0.0557,59,873.0,536.0,512.0,15673.2,0.06,870.0,65.0,695.0,25.0,50.0,130.0,120.0,85.0,65.0,55.0,70.0,45.0,50.0,115.0,50.0,35.0,20.0,10.0,5.0,41.2,38.4,510.0,0.0,0.0,0.0,0.0,510.0,0.0,0.0,0.0,270.0,1.7,905.0,735.0,60.0,670.0,170.0,10.0,793.0,population_2021 - age_0_14 - (3/5 * age_15_19),115.0,35.0,5.0,310.0,205.0,165.0,14550.0,13216.666666666668,1916.6666666666667,8533.333333333334,510.0,1.0,1.0,0.0,0.0,0.0,0.5294117647058824,670.0,11166.666666666668,"Statistics Canada, 2021 Census Profile 98-401-X2021006, dissemination areas",https://www12.statcan.gc.ca/census-recensement/2021/dp-pd/prof/details/download-telecharger.cfm,Statistics Canada 2021 DA cartographic boundary file (92-169-X),Statistics Canada Open Licence,"Population aged 18 and over from the 2021 Census of Population, used as a demographic proxy for potential electorate size. This is NOT a count of eligible or registered electors: it excludes citizenship and residency requirements, reflects 2021 conditions, and is subject to Statistics Canada random rounding.",2026-08-12T14:55:43+00:00,Directly from the 2021 Census Profile for that dissemination area.
59153238,2021S051259153238,0.058,59,463.0,210.0,197.0,7982.8,0.06,460.0,75.0,315.0,20.0,20.0,20.0,30.0,35.0,45.0,30.0,30.0,35.0,40.0,75.0,25.0,20.0,15.0,10.0,0.0,41.7,42.0,195.0,25.0,60.0,30.0,0.0,85.0,0.0,0.0,0.0,55.0,2.4,470.0,420.0,75.0,340.0,55.0,8.0,376.0,population_2021 - age_0_14 - (3/5 * age_15_19),75.0,25.0,0.0,78.0,110.0,105.0,7716.666666666667,6266.666666666667,1250.0,3283.3333333333335,115.0,0.5897435897435898,0.4358974358974359,0.0,0.15384615384615385,0.1282051282051282,0.28205128205128205,340.0,5666.666666666667,"Statistics Canada, 2021 Census Profile 98-401-X2021006, dissemination areas",https://www12.statcan.gc.ca/census-recensement/2021/dp-pd/prof/details/download-telecharger.cfm,Statistics Canada 2021 DA cartographic boundary file (92-169-X),Statistics Canada Open Licence,"Population aged 18 and over from the 2021 Census of Population, used as a demographic proxy for potential electorate size. This is NOT a count of eligible or registered electors: it excludes citizenship and residency requirements, reflects 2021 conditions, and is subject to Statistics Canada random rounding.",2026-08-12T14:55:43+00:00,Directly from the 2021 Census Profile for that dissemination area.
59153239,2021S051259153239,0.0473,59,844.0,454.0,428.0,17843.6,0.05,845.0,90.0,650.0,20.0,50.0,100.0,115.0,100.0,65.0,45.0,65.0,45.0,50.0,105.0,40.0,30.0,20.0,10.0,5.0,40.3,37.6,425.0,0.0,0.0,0.0,0.0,425.0,0.0,0.0,0.0,175.0,2.0,865.0,655.0,85.0,570.0,210.0,8.0,742.0,population_2021 - age_0_14 - (3/5 * age_15_19),105.0,35.0,5.0,273.0,210.0,160.0,16880.0,14840.0,2100.0,8560.0,425.0,1.0,1.0,0.0,0.0,0.0,0.4117647058823529,570.0,11400.0,"Statistics Canada, 2021 Census Profile 98-401-X2021006, dissemination areas",https://www12.statcan.gc.ca/census-recensement/2021/dp-pd/prof/details/download-telecharger.cfm,Statistics Canada 2021 DA cartographic boundary file (92-169-X),Statistics Canada Open Licence,"Population aged 18 and over from the 2021 Census of Population, used as a demographic proxy for potential electorate size. This is NOT a count of eligible or registered electors: it excludes citizenship and residency requirements, reflects 2021 conditions, and is subject to Statistics Canada random rounding.",2026-08-12T14:55:43+00:00,Directly from the 2021 Census Profile for that dissemination area.
59153241,2021S051259153241,0.8809,59,2505.0,1076.0,1022.0,2843.7,0.88,2505.0,300.0,2040.0,195.0,185.0,250.0,335.0,300.0,220.0,175.0,140.0,140.0,85.0,165.0,60.0,55.0,20.0,15.0,10.0,35.8,34.8,1020.0,5.0,0.0,110.0,5.0,665.0,250.0,0.0,0.0,310.0,2.1,2215.0,1740.0,285.0,1455.0,475.0,78.0,2088.0,population_2021 - age_0_14 - (3/5 * age_15_19),165.0,45.0,10.0,848.0,695.0,365.0,2846.590909090909,2372.7272727272725,187.5,1161.3636363636363,1030.0,1.0098039215686274,0.8970588235294118,0.24509803921568626,0.10784313725490197,0.004901960784313725,0.30392156862745096,1455.0,1653.409090909091,"Statistics Canada, 2021 Census Profile 98-401-X2021006, dissemination areas",https://www12.statcan.gc.ca/census-recensement/2021/dp-pd/prof/details/download-telecharger.cfm,Statistics Canada 2021 DA cartographic boundary file (92-169-X),Statistics Canada Open Licence,"Population aged 18 and over from the 2021 Census of Population, used as a demographic proxy for potential electorate size. This is NOT a count of eligible or registered electors: it excludes citizenship and residency requirements, reflects 2021 conditions, and is subject to Statistics Canada random rounding.",2026-08-12T14:55:43+00:00,Directly from the 2021 Census Profile for that dissemination area.
59153327,2021S051259153327,0.0639,59,1451.0,808.0,772.0,22707.4,0.06,1450.0,150.0,1040.0,50.0,60.0,140.0,170.0,165.0,115.0,95.0,85.0,95.0,70.0,265.0,85.0,70.0,50.0,40.0,20.0,42.9,40.0,775.0,0.0,0.0,40.0,0.0,225.0,505.0,0.0,0.0,310.0,1.9,1445.0,1065.0,90.0,975.0,375.0,20.0,1271.0,population_2021 - age_0_14 - (3/5 * age_15_19),265.0,110.0,20.0,390.0,375.0,250.0,24183.333333333336,21183.333333333336,4416.666666666667,12866.666666666668,770.0,0.9935483870967742,0.9419354838709677,0.6516129032258065,0.05161290322580645,0.0,0.4,975.0,16250.0,"Statistics Canada, 2021 Census Profile 98-401-X2021006, dissemination areas",https://www12.statcan.gc.ca/census-recensement/2021/dp-pd/prof/details/download-telecharger.cfm,Statistics Canada 2021 DA cartographic boundary file (92-169-X),Statistics Canada Open Licence,"Population aged 18 and over from the 2021 Census of Population, used as a demographic proxy for potential electorate size. This is NOT a count of eligible or registered electors: it excludes citizenship and residency requirements, reflects 2021 conditions, and is subject to Statistics Canada random rounding.",2026-08-12T14:55:43+00:00,Directly from the 2021 Census Profile for that dissemination area.
59153328,2021S051259153328,0.0531,59,1298.0,848.0,696.0,24444.4,0.05,1295.0,160.0,930.0,35.0,85.0,130.0,170.0,130.0,110.0,80.0,75.0,50.0,60.0,200.0,55.0,45.0,30.0,35.0,30.0,40.6,37.6,700.0,0.0,0.0,0.0,0.0,10.0,685.0,0.0,0.0,290.0,1.9,1295.0,930.0,155.0,775.0,365.0,14.0,1117.0,population_2021 - age_0_14 - (3/5 * age_15_19),200.0,95.0,30.0,399.0,320.0,185.0,25960.0,22340.0,4000.0,13920.0,695.0,0.9928571428571429,0.9928571428571429,0.9785714285714285,0.0,0.0,0.4142857142857143,775.0,15500.0,"Statistics Canada, 2021 Census Profile 98-401-X2021006, dissemination areas",https://www12.statcan.gc.ca/census-recensement/2021/dp-pd/prof/details/download-telecharger.cfm,Statistics Canada 2021 DA cartographic boundary file (92-169-X),Statistics Canada Open Licence,"Population aged 18 and over from the 2021 Census of Population, used as a demographic proxy for potential electorate size. This is NOT a count of eligible or registered electors: it excludes citizenship and residency requirements, reflects 2021 conditions, and is subject to Statistics Canada random rounding.",2026-08-12T14:55:43+00:00,Directly from the 2021 Census Profile for that dissemination area.
59153963,2021S051259153963,0.1047,59,508.0,218.0,204.0,4852.0,0.1,505.0,65.0,355.0,30.0,20.0,35.0,45.0,30.0,30.0,20.0,50.0,50.0,40.0,85.0,35.0,20.0,20.0,10.0,0.0,42.4,42.4,200.0,35.0,0.0,15.0,105.0,50.0,0.0,0.0,0.0,60.0,2.5,520.0,475.0,45.0,425.0,50.0,12.0,425.0,population_2021 - age_0_14 - (3/5 * age_15_19),85.0,30.0,0.0,112.0,80.0,140.0,5080.0,4250.0,850.0,2040.0,170.0,0.85,0.25,0.0,0.075,0.175,0.3,425.0,4250.0,"Statistics Canada, 2021 Census Profile 98-401-X2021006, dissemination areas",https://www12.statcan.gc.ca/census-recensement/2021/dp-pd/prof/details/download-telecharger.cfm,Statistics Canada 2021 DA cartographic boundary file (92-169-X),Statistics Canada Open Licence,"Population aged 18 and over from the 2021 Census of Population, used as a demographic proxy for potential electorate size. This is NOT a count of eligible or registered electors: it excludes citizenship and residency requirements, reflects 2021 conditions, and is subject to Statistics Canada random rounding.",2026-08-12T14:55:43+00:00,Directly from the 2021 Census Profile for that dissemination area.
59153965,2021S051259153965,0.0638,59,378.0,224.0,219.0,5924.8,0.06,380.0,20.0,165.0,15.0,5.0,15.0,5.0,5.0,15.0,15.0,20.0,30.0,35.0,195.0,40.0,50.0,30.0,20.0,55.0,60.9,66.5,220.0,20.0,0.0,0.0,25.0,30.0,135.0,0.0,0.0,110.0,1.7,375.0,355.0,20.0,335.0,25.0,6.0,349.0,population_2021 - age_0_14 - (3/5 * age_15_19),195.0,105.0,55.0,31.0,35.0,85.0,6300.0,5816.666666666667,3250.0,3650.0,190.0,0.8636363636363636,0.75,0.6136363636363636,0.0,0.09090909090909091,0.5,335.0,5583.333333333334,"Statistics Canada, 2021 Census Profile 98-401-X2021006, dissemination areas",https://www12.statcan.gc.ca/census-recensement/2021/dp-pd/prof/details/download-telecharger.cfm,Statistics Canada 2021 DA cartographic boundary file (92-169-X),Statistics Canada Open Licence,"Population aged 18 and over from the 2021 Census of Population, used as a demographic proxy for potential electorate size. This is NOT a count of eligible or registered electors: it excludes citizenship and residency requirements, reflects 2021 conditions, and is subject to Statistics Canada random rounding.",2026-08-12T14:55:43+00:00,Directly from the 2021 Census Profile for that dissemination area.
59153970,2021S051259153970,0.2027,59,2195.0,1405.0,1247.0,10828.8,0.2,2195.0,140.0,1545.0,40.0,80.0,185.0,250.0,205.0,130.0,125.0,135.0,190.0,200.0,510.0,165.0,130.0,105.0,70.0,50.0,47.7,47.6,1250.0,0.0,5.0,45.0,0.0,190.0,1015.0,0.0,0.0,530.0,1.8,2140.0,1820.0,155.0,1665.0,315.0,16.0,2031.0,population_2021 - age_0_14 - (3/5 * age_15_19),510.0,225.0,50.0,531.0,460.0,525.0,10975.0,10155.0,2550.0,6235.0,1250.0,1.0,0.964,0.812,0.036,0.0,0.424,1665.0,8325.0,"Statistics Canada, 2021 Census Profile 98-401-X2021006, dissemination areas",https://www12.statcan.gc.ca/census-recensement/2021/dp-pd/prof/details/download-telecharger.cfm,Statistics Canada 2021 DA cartographic boundary file (92-169-X),Statistics Canada Open Licence,"Population aged 18 and over from the 2021 Census of Population, used as a demographic proxy for potential electorate size. This is NOT a count of eligible or registered electors: it excludes citizenship and residency requirements, reflects 2021 conditions, and is subject to Statistics Canada random rounding.",2026-08-12T14:55:43+00:00,Directly from the 2021 Census Profile for that dissemination area.
59153971,2021S051259153971,0.0756,59,1337.0,806.0,747.0,17685.2,0.08,1335.0,125.0,985.0,20.0,65.0,150.0,205.0,140.0,95.0,65.0,80.0,80.0,85.0,220.0,70.0,55.0,45.0,30.0,20.0,42.5,38.0,745.0,0.0,0.0,5.0,0.0,200.0,540.0,0.0,0.0,325.0,1.8,1335.0,1100.0,95.0,1005.0,235.0,8.0,1200.0,population_2021 - age_0_14 - (3/5 * age_15_19),220.0,95.0,20.0,428.0,300.0,245.0,16712.5,15000.0,2750.0,9337.5,745.0,1.0,0.9932885906040269,0.7248322147651006,0.006711409395973154,0.0,0.436241610738255,1005.0,12562.5,"Statistics Canada, 2021 Census Profile 98-401-X2021006, dissemination areas",https://www12.statcan.gc.ca/census-recensement/2021/dp-pd/prof/details/download-telecharger.cfm,Statistics Canada 2021 DA cartographic boundary file (92-169-X),Statistics Canada Open Licence,"Population aged 18 and over from the 2021 Census of Population, used as a demographic proxy for potential electorate size. This is NOT a count of eligible or registered electors: it excludes citizenship and residency requirements, reflects 2021 conditions, and is subject to Statistics Canada random rounding.",2026-08-12T14:55:43+00:00,Directly from the 2021 Census Profile for that dissemination area.
