source_id,organization,dataset,url,download_url,format,geographic_level,coverage,version,license,download_date,local_path,status,sha256,bytes,feature_count,notes
bc_cnv_boundary,Province of BC - GeoBC / BC Data Catalogue,Municipalities - Legally Defined Administrative Areas of BC (ABMS),https://catalogue.data.gov.bc.ca/dataset/municipalities-legally-defined-administrative-areas-of-bc,https://catalogue.data.gov.bc.ca/dataset/municipalities-legally-defined-administrative-areas-of-bc,GeoJSON,municipality,City of North Vancouver,,Open Government Licence - British Columbia,2026-08-12T07:06:21+00:00,data/raw/bcdata/cnv_municipal_boundary_abms.geojson,cached,948cb6c8032227e3bfb67783748fb148dacb59d1f9656f5e813ee66679f96641,3031,1,Authoritative legal municipal boundary. LGL_ADMIN_AREA_ID=114. The District of North Vancouver is a separate feature (ID=125) and is deliberately excluded.
bc_northshore_municipalities,Province of BC - GeoBC,ABMS Municipalities - North Shore context,https://catalogue.data.gov.bc.ca/dataset/municipalities-legally-defined-administrative-areas-of-bc,https://catalogue.data.gov.bc.ca/dataset/municipalities-legally-defined-administrative-areas-of-bc,GeoJSON,municipality,North Shore municipalities,,Open Government Licence - British Columbia,2026-08-12T07:07:25+00:00,data/raw/bcdata/northshore_municipalities_abms.geojson,cached,4a3faabebafbd14e6fd77a7d932af7621508eed13cafbd8e9a84fa33bbf09a1c,146435,3,"Context layer only, used to verify CNV/DNV separation. Never used as the study area."
statcan_da_boundaries_2021,Statistics Canada,2021 Census - Dissemination Areas cartographic boundary file (92-169-X),https://www150.statcan.gc.ca/n1/en/catalogue/92-169-X2021001,https://www12.statcan.gc.ca/census-recensement/2021/geo/sip-pis/boundary-limites/files-fichiers/lda_000b21a_e.zip,Shapefile (zip),dissemination_area,Canada,"2021 Census, cartographic boundary",Statistics Canada Open Licence,2026-08-12T07:08:37+00:00,data/raw/statcan/lda_000b21a_e.zip,cached,cb8e00a1165d8f309a62884860112944ea5acc177bb926d966b4a51fbd0c9ecb,197042003,,Primary DA geometry. Join key DAUID. Native CRS EPSG:3347 (Lambert).
statcan_db_boundaries_2021,Statistics Canada,2021 Census - Dissemination Blocks cartographic boundary file (92-163-X),https://www150.statcan.gc.ca/n1/en/catalogue/92-163-X2021001,https://www12.statcan.gc.ca/census-recensement/2021/geo/sip-pis/boundary-limites/files-fichiers/ldb_000b21a_e.zip,Shapefile (zip),dissemination_block,Canada,,Statistics Canada Open Licence,2026-08-12T07:10:34+00:00,data/raw/statcan/ldb_000b21a_e.zip,cached,1ed137476d6c071472177e4c47e9a45020a28b3f580d6c60dabd2341b083f14c,317391964,,Finer geography for population/dwelling counts only (DB profiles are suppressed for most variables).
statcan_csd_boundaries_2021,Statistics Canada,2021 Census - Census Subdivisions cartographic boundary file,https://www12.statcan.gc.ca/census-recensement/2021/geo/sip-pis/boundary-limites/index2021-eng.cfm,https://www12.statcan.gc.ca/census-recensement/2021/geo/sip-pis/boundary-limites/files-fichiers/lcsd000b21a_e.zip,Shapefile (zip),census_subdivision,Canada,,Statistics Canada Open Licence,2026-08-12T07:11:34+00:00,data/raw/statcan/lcsd000b21a_e.zip,cached,f98d955bff9a8151d002bb07c5fc50775b624d4f2f4052dbe05fe54d58f3bbe8,155981521,,Used to confirm the CNV CSD (CSDUID 5915051) and validate DA membership.
statcan_census_profile_bc_da,Statistics Canada,"Census Profile, 2021 - British Columbia, dissemination areas (98-401-X2021006)",https://www12.statcan.gc.ca/census-recensement/2021/dp-pd/prof/details/download-telecharger.cfm,https://www12.statcan.gc.ca/census-recensement/2021/dp-pd/prof/details/download-telecharger/comp/GetFile.cfm?Lang=E&FILETYPE=CSV&GEONO=006_BC_CB,CSV (zip),dissemination_area,British Columbia,"98-401-X2021006, released 2022-12-15",Statistics Canada Open Licence,2026-08-12T07:13:27+00:00,data/raw/statcan/98-401-X2021006_BC_CB_eng_CSV.zip,cached,067f53dfefece572dc9c83d24d90226cc7b7e217b90c4f724a21ffd90457f36f,307048228,,"PRIMARY source for population, age and dwelling variables. This is the British-Columbia-only comprehensive Census Profile at DA level, preferred over the 2.2 GB national file. Confirmed via Content-Disposition header."
statcan_census_profile_bc_csd,Statistics Canada,"Census Profile, 2021 - British Columbia, census subdivisions (98-401-X2021006)",https://www12.statcan.gc.ca/census-recensement/2021/dp-pd/prof/details/download-telecharger.cfm,https://www12.statcan.gc.ca/census-recensement/2021/dp-pd/prof/details/download-telecharger/comp/GetFile.cfm?Lang=E&FILETYPE=CSV&GEONO=025,CSV (zip),census_subdivision,British Columbia,,Statistics Canada Open Licence,2026-08-12T07:13:37+00:00,data/raw/statcan/98-401-X2021006_BC_CSD_eng_CSV.zip,cached,0f7e54dc325bafbcd5c6c0f30faae00833c102b1eb051490112e4ea8bf38f705,26176494,,CSD-level totals used to validate that DA sums reconcile to the CNV municipal total.
cnv_neighbourhoods,City of North Vancouver,Neighbourhoods,https://gisext2.cnv.org/arcgis/rest/services/BaseMapServices/query_layers/MapServer/8,https://gisext2.cnv.org/arcgis/rest/services/BaseMapServices/query_layers/MapServer/8,GeoJSON,neighbourhood,City of North Vancouver,,City of North Vancouver open data terms - verify,2026-08-12T07:06:37+00:00,data/raw/cnv/cnv_neighbourhoods.geojson,cached,db6077adac1d83cf559d153d5b9a5dac420e7aeb66642d052e0cf92aa706774b,10300,10,Vector replacement for the CNV_Neighbourhoods PDF map. 10 neighbourhoods.
cnv_named_areas,City of North Vancouver,Named Areas,https://gisext2.cnv.org/arcgis/rest/services/BaseMapServices/query_layers/MapServer/0,https://gisext2.cnv.org/arcgis/rest/services/BaseMapServices/query_layers/MapServer/0,GeoJSON,named_area,City of North Vancouver,,,2026-08-12T07:13:37+00:00,data/raw/cnv/cnv_named_areas.geojson,cached,d23047d084f248daba330ff35a99b8d7a763177cc672bd264e1ee79b3bafb587,283219,105,
cnv_street_centreline,City of North Vancouver,Street Centre Line,https://gisext2.cnv.org/arcgis/rest/services/BaseMapServices/query_layers/MapServer/7,https://gisext2.cnv.org/arcgis/rest/services/BaseMapServices/query_layers/MapServer/7,GeoJSON,street_segment,City of North Vancouver,,,2026-08-12T07:06:37+00:00,data/raw/cnv/cnv_street_centreline.geojson,cached,f74f579fc3dc2e2140583d7212c06e7abe0b35db5d4bcf970d8b693750b88158,755330,962,"Carries ROADCLASS, ROADLEVEL, NOLANES, ONEWAY, OWNER and address ranges. Basis for the intersection layer."
cnv_buildings,City of North Vancouver,Building footprints,https://gisext2.cnv.org/arcgis/rest/services/BaseMapServices/query_layers/MapServer/5,https://gisext2.cnv.org/arcgis/rest/services/BaseMapServices/query_layers/MapServer/5,GeoJSON,building,City of North Vancouver,,,2026-08-12T07:13:40+00:00,data/raw/cnv/cnv_buildings.geojson,cached,95b0b6076fb31cd66ec41679440b62acc3eb3433c1567e56586aeb88e57c618b,7417667,11834,"Footprints only: BUILDING_STATUS, BUILDING_NAME. No height/units/year - see cnv_highrise_buildings."
cnv_legal_parcels,City of North Vancouver,Legal parcels,https://gisext2.cnv.org/arcgis/rest/services/BaseMapServices/query_layers/MapServer/2,https://gisext2.cnv.org/arcgis/rest/services/BaseMapServices/query_layers/MapServer/2,GeoJSON,parcel,City of North Vancouver,,,2026-08-12T07:13:44+00:00,data/raw/cnv/cnv_legal_parcels.geojson,cached,ea25ad8aae860188ba0e634aa42c0685739c13af6e8dc5ee82b71b932c8ebf80,15846307,7208,
cnv_walkways,City of North Vancouver,Walkways,https://gisext2.cnv.org/arcgis/rest/services/BaseMapServices/query_layers/MapServer/17,https://gisext2.cnv.org/arcgis/rest/services/BaseMapServices/query_layers/MapServer/17,GeoJSON,walkway,City of North Vancouver,,,2026-08-12T07:13:44+00:00,data/raw/cnv/cnv_walkways.geojson,cached,77242b018f2a0dedfd0c31e132999cf6beaa966da10b6a4ccf040bdfb417ce09,1997656,2721,
cnv_highrise_buildings,City of North Vancouver,High Rise Buildings (>18 m),https://gisext2.cnv.org/arcgis/rest/services/BaseMapServices/TransportMAP/MapServer/6,https://gisext2.cnv.org/arcgis/rest/services/BaseMapServices/TransportMAP/MapServer/6,GeoJSON,building,City of North Vancouver,,,2026-08-12T07:07:17+00:00,data/raw/cnv/cnv_highrise_buildings.geojson,cached,bc27470dee3fa1a90a35218d91be54ac9a9eac7eb98b1c0ae485cd5ecd24b283,168464,107,"Carries BUILDING_Z (height), YearBuilt, NosUnits, Occupancy, StrataUnitArea, CivicAddress. The only CNV building layer with unit counts and heights."
cnv_affordable_housing,City of North Vancouver,Affordable Housing,https://gisext2.cnv.org/arcgis/rest/services/BaseMapServices/TransportMAP/MapServer/73,https://gisext2.cnv.org/arcgis/rest/services/BaseMapServices/TransportMAP/MapServer/73,GeoJSON,building,City of North Vancouver,,,2026-08-12T07:14:12+00:00,data/raw/cnv/cnv_affordable_housing.geojson,cached,6abc5d32810fee18dc11b1605d16e29a5a19da3b24803d4c6315be604c10289d,59943,59,"Type, Tenure_Type, Eligibility, Operator_Developer, Total_Units, Status. The Eligibility/Type fields are the authoritative municipal basis for identifying seniors housing - preferred over OpenStreetMap inference."
cnv_population_by_parcel_2021,City of North Vancouver,2021 Population by Parcel (modelled),https://gisext2.cnv.org/arcgis/rest/services/BaseMapServices/TransportMAP/MapServer/11,https://gisext2.cnv.org/arcgis/rest/services/BaseMapServices/TransportMAP/MapServer/11,GeoJSON,parcel,City of North Vancouver,,,2026-08-12T07:14:15+00:00,data/raw/cnv/cnv_population_by_parcel_2021.geojson,cached,f1daabdac9068043b0ec17bd8ff008018c53d4374316456efaec85a13fc17324,14726099,7185,CNV-modelled parcel-level population disaggregated from census blocks (SUM_NumUnits_byCensusBlk). NOT a Statistics Canada product. Treat as a municipal estimate and never as a census count.
cnv_zoning,City of North Vancouver,Zoning boundaries,https://gisext2.cnv.org/arcgis/rest/services/BaseMapServices/TransportMAP/MapServer/93,https://gisext2.cnv.org/arcgis/rest/services/BaseMapServices/TransportMAP/MapServer/93,GeoJSON,zone,City of North Vancouver,,,2026-08-12T07:14:16+00:00,data/raw/cnv/cnv_zoning.geojson,cached,e489b104b79521c7e8c5c9eccb916ef854fecad5698bd7659b441e6a18d9e6c7,1033164,683,Vector equivalent of CNV_GenZoning48x36.pdf.
cnv_ocp_landuse,City of North Vancouver,2014 OCP Land Use,https://gisext2.cnv.org/arcgis/rest/services/BaseMapServices/TransportMAP/MapServer/31,https://gisext2.cnv.org/arcgis/rest/services/BaseMapServices/TransportMAP/MapServer/31,GeoJSON,land_use_polygon,City of North Vancouver,,,2026-08-12T07:14:16+00:00,data/raw/cnv/cnv_ocp_landuse.geojson,cached,37dea63099f726280ad624badf6b55073ab21b43190a3c9f9ca4176a024e3e65,823711,609,Vector equivalent of Schedule A Land Use PDF. Feeds the commercial land-use component of the pedestrian proxy.
cnv_dissemination_blocks,City of North Vancouver (Statistics Canada source data),Dissemination Block population 2021/2016,https://gisext2.cnv.org/arcgis/rest/services/BaseMapServices/TransportMAP/MapServer/14,https://gisext2.cnv.org/arcgis/rest/services/BaseMapServices/TransportMAP/MapServer/14,GeoJSON,dissemination_block,City of North Vancouver,,,2026-08-12T07:14:16+00:00,data/raw/cnv/cnv_dissemination_blocks.geojson,cached,4355d9bfc660d730dc6a2350a6e2812862b98f613f61c2022c3c72732156cd37,78827,122,Cross-check layer only. StatCan remains the primary census source.
cnv_db_population_2021,City of North Vancouver (Statistics Canada source data),2021 Population by Dissemination Block,https://gisext2.cnv.org/arcgis/rest/services/BaseMapServices/TransportMAP/MapServer/9,https://gisext2.cnv.org/arcgis/rest/services/BaseMapServices/TransportMAP/MapServer/9,GeoJSON,dissemination_block,City of North Vancouver and immediate surroundings,,,2026-08-12T07:14:16+00:00,data/raw/cnv/cnv_db_population_2021.geojson,cached,262a99a8a29c7a2c891689dce210c5b846b446634582dee16463395d0bb74556,200225,302,"DBpop_2021, DBtdwell_2021, DBurdwell_2021 with DBcode/DAcode/CTcode keys."
cnv_road_designation,City of North Vancouver,Road Designation / Major Road Network,https://gisext2.cnv.org/arcgis/rest/services/BaseMapServices/TransportMAP/MapServer/48,https://gisext2.cnv.org/arcgis/rest/services/BaseMapServices/TransportMAP/MapServer/48,GeoJSON,street_segment,City of North Vancouver,,,2026-08-12T07:14:17+00:00,data/raw/cnv/cnv_road_designation.geojson,cached,b45497916f60296d060d0c956b0974920dfc17dc32eb44b08a0c25a08b27dcf9,66973,230,DESIGNATION (arterial/collector/local) and MRN flag.
cnv_road_classifications,City of North Vancouver,Road Classifications,https://gisext2.cnv.org/arcgis/rest/services/BaseMapServices/TransportMAP/MapServer/127,https://gisext2.cnv.org/arcgis/rest/services/BaseMapServices/TransportMAP/MapServer/127,GeoJSON,road_polygon,City of North Vancouver,,,2026-08-12T07:24:59+00:00,data/raw/cnv/cnv_road_classifications.geojson,cached,e25d12818e2f8c147e56d6cdafc7614b4af9c61d4b1ef087672600e93ff0ebee,2053185,507,
cnv_traffic_signals,City of North Vancouver,Traffic Signals (asset inventory),https://gisext2.cnv.org/arcgis/rest/services/BaseMapServices/TransportMAP/MapServer/153,https://gisext2.cnv.org/arcgis/rest/services/BaseMapServices/TransportMAP/MapServer/153,GeoJSON,point_asset,City of North Vancouver,,,2026-08-12T07:14:36+00:00,data/raw/cnv/cnv_traffic_signals.geojson,cached,65d466f0a48eeffb46b5c3ceaf103cd768498b9e4e9102a170dec7986f89d56a,675809,587,"Signal POLE/asset inventory (UNITTYPE, POLE_TYPE, INSTALL_DATE, ADDRESS), not one record per signalised intersection. Must be clustered to intersections before use. Contains NO signal cycle/phase timing - see DATA_GAPS.md."
cnv_traffic_signs,City of North Vancouver,Traffic Signs,https://gisext2.cnv.org/arcgis/rest/services/BaseMapServices/TransportMAP/MapServer/152,https://gisext2.cnv.org/arcgis/rest/services/BaseMapServices/TransportMAP/MapServer/152,GeoJSON,point_asset,City of North Vancouver,,,2026-08-12T07:14:36+00:00,data/raw/cnv/cnv_traffic_signs.geojson,cached,5cdd51ac3103562a3d9e956e378a899d9cbc3fac0f17d5255e70f1c53907472b,864242,1093,
cnv_speed_zones,City of North Vancouver,Speed Zones,https://gisext2.cnv.org/arcgis/rest/services/BaseMapServices/TransportMAP/MapServer/149,https://gisext2.cnv.org/arcgis/rest/services/BaseMapServices/TransportMAP/MapServer/149,GeoJSON,street_segment,City of North Vancouver,,,2026-08-12T07:14:37+00:00,data/raw/cnv/cnv_speed_zones.geojson,cached,bb3d6d35dd75c03dd09441273599bc26a32d4cf155e95b56c0fa7eb49c7d67d5,51115,120,"SPEED_ZONE, BYLAW_NO, INSTALL_DATE. Feeds the safety/visibility component."
cnv_one_way_streets,City of North Vancouver,One Way Streets,https://gisext2.cnv.org/arcgis/rest/services/BaseMapServices/TransportMAP/MapServer/148,https://gisext2.cnv.org/arcgis/rest/services/BaseMapServices/TransportMAP/MapServer/148,GeoJSON,street_segment,City of North Vancouver,,,2026-08-12T07:14:37+00:00,data/raw/cnv/cnv_one_way_streets.geojson,cached,831f662ae2ca0182d0db53d9ae654082670fe0d6317a8ffa11c3e46f27c3d3d5,18663,35,
cnv_traffic_calming,City of North Vancouver,Traffic Calming,https://gisext2.cnv.org/arcgis/rest/services/BaseMapServices/TransportMAP/MapServer/151,https://gisext2.cnv.org/arcgis/rest/services/BaseMapServices/TransportMAP/MapServer/151,GeoJSON,street_segment,City of North Vancouver,,,2026-08-12T07:14:37+00:00,data/raw/cnv/cnv_traffic_calming.geojson,cached,6f8dbc92c8bf869003b12fb02f5463b8d3a003536c4cb168b318774a4dbabe9c,881661,786,
cnv_truck_routes,City of North Vancouver,Truck Routes,https://gisext2.cnv.org/arcgis/rest/services/BaseMapServices/TransportMAP/MapServer/154,https://gisext2.cnv.org/arcgis/rest/services/BaseMapServices/TransportMAP/MapServer/154,GeoJSON,street_segment,City of North Vancouver,,,2026-08-12T07:14:37+00:00,data/raw/cnv/cnv_truck_routes.geojson,cached,32109e5e478f8488539064dcd3e7b32dc77839fe91f34ffe8291f3ba5b820303,7324,11,
cnv_traffic_volume_northbound,City of North Vancouver,Traffic Volumes - Northbound,https://gisext2.cnv.org/arcgis/rest/services/BaseMapServices/TransportMAP/MapServer/226,https://gisext2.cnv.org/arcgis/rest/services/BaseMapServices/TransportMAP/MapServer/226,GeoJSON,street_segment,City of North Vancouver,,,2026-08-12T07:14:37+00:00,data/raw/traffic/cnv_traffic_volume_northbound.geojson,cached,ef7b66c6e021564ace8bcb45d931db041d78daee17e769bc98974c8205129ef2,3767,11,Only 11 segments. Directional volumes exist for a very small subset of streets.
cnv_traffic_volume_southbound,City of North Vancouver,Traffic Volumes - Southbound,https://gisext2.cnv.org/arcgis/rest/services/BaseMapServices/TransportMAP/MapServer/227,https://gisext2.cnv.org/arcgis/rest/services/BaseMapServices/TransportMAP/MapServer/227,GeoJSON,street_segment,City of North Vancouver,,,2026-08-12T07:14:37+00:00,data/raw/traffic/cnv_traffic_volume_southbound.geojson,cached,d4ad494f8d9cfc7d346aa79aca89da91164846367e5ce5b1d2e6097dff16fed1,3664,11,
cnv_traffic_volume_eastbound,City of North Vancouver,Traffic Volumes - Eastbound,https://gisext2.cnv.org/arcgis/rest/services/BaseMapServices/TransportMAP/MapServer/228,https://gisext2.cnv.org/arcgis/rest/services/BaseMapServices/TransportMAP/MapServer/228,GeoJSON,street_segment,City of North Vancouver,,,2026-08-12T07:14:38+00:00,data/raw/traffic/cnv_traffic_volume_eastbound.geojson,cached,dae295ed748e0f354d44f3921411a9655d0de6145375a9b108d3251e8bc88817,4128,8,
cnv_traffic_volume_westbound,City of North Vancouver,Traffic Volumes - Westbound,https://gisext2.cnv.org/arcgis/rest/services/BaseMapServices/TransportMAP/MapServer/229,https://gisext2.cnv.org/arcgis/rest/services/BaseMapServices/TransportMAP/MapServer/229,GeoJSON,street_segment,City of North Vancouver,,,2026-08-12T07:14:38+00:00,data/raw/traffic/cnv_traffic_volume_westbound.geojson,cached,28c28963aafa9928e5f2a7d8eef6b20cd47edce48f4f79a3962361d2afe93a4d,4140,8,
cnv_cyclist_volume,City of North Vancouver,Cyclist Volume by street segment,https://gisext2.cnv.org/arcgis/rest/services/BaseMapServices/TransportMAP/MapServer/26,https://gisext2.cnv.org/arcgis/rest/services/BaseMapServices/TransportMAP/MapServer/26,GeoJSON,street_segment,City of North Vancouver,,,2026-08-12T07:14:38+00:00,data/raw/traffic/cnv_cyclist_volume.geojson,cached,14e973591cc3be29c97795979cc828c49097bc4044bb6dd57bef88613c05a66a,5162,10,
cnv_sidewalk_segments,City of North Vancouver,Sidewalk Segments,https://gisext2.cnv.org/arcgis/rest/services/BaseMapServices/TransportMAP/MapServer/130,https://gisext2.cnv.org/arcgis/rest/services/BaseMapServices/TransportMAP/MapServer/130,GeoJSON,sidewalk_segment,City of North Vancouver,,,2026-08-12T07:14:38+00:00,data/raw/cnv/cnv_sidewalk_segments.geojson,cached,ddbd958d2c61ebf803b2ac8c87288a51365e688a48124a206d35b8443b5c34fd,2118260,1867,"Includes a PEDESTRIAN_TRAFFIC attribute. Verify during processing whether this is an observed count or a qualitative class; if qualitative it belongs in the pedestrian PROXY, not in an observed-count field."
cnv_sidewalk_ramps,City of North Vancouver,Sidewalk Ramps,https://gisext2.cnv.org/arcgis/rest/services/BaseMapServices/TransportMAP/MapServer/129,https://gisext2.cnv.org/arcgis/rest/services/BaseMapServices/TransportMAP/MapServer/129,GeoJSON,point_asset,City of North Vancouver,,,2026-08-12T07:14:39+00:00,data/raw/cnv/cnv_sidewalk_ramps.geojson,cached,4a1c03f1d8184025d276339311a723926fc3b6a39f58b019b43617884608fa9d,803022,2613,Accessibility indicator and a marker of built-out pedestrian crossings.
cnv_missing_sidewalks,City of North Vancouver,Missing Sidewalks,https://gisext2.cnv.org/arcgis/rest/services/BaseMapServices/TransportMAP/MapServer/69,https://gisext2.cnv.org/arcgis/rest/services/BaseMapServices/TransportMAP/MapServer/69,GeoJSON,street_segment,City of North Vancouver,,,2026-08-12T07:14:39+00:00,data/raw/cnv/cnv_missing_sidewalks.geojson,cached,70f0cbf4ec2ef29d78a4b472c987b3051b19993448e653d2bdc5497a8b09bcfe,247960,385,
cnv_pedestrian_areas,City of North Vancouver,Pedestrian Areas,https://gisext2.cnv.org/arcgis/rest/services/BaseMapServices/TransportMAP/MapServer/70,https://gisext2.cnv.org/arcgis/rest/services/BaseMapServices/TransportMAP/MapServer/70,GeoJSON,area,City of North Vancouver,,,2026-08-12T07:14:39+00:00,data/raw/cnv/cnv_pedestrian_areas.geojson,cached,9b378cb33de4d28f0385f450dabed63e797ea5a7e6fb9ce7dddca3e1b0d0a08b,122490,18,
cnv_school_routes,City of North Vancouver,School Routes,https://gisext2.cnv.org/arcgis/rest/services/BaseMapServices/TransportMAP/MapServer/71,https://gisext2.cnv.org/arcgis/rest/services/BaseMapServices/TransportMAP/MapServer/71,GeoJSON,street_segment,City of North Vancouver,,,2026-08-12T07:14:39+00:00,data/raw/cnv/cnv_school_routes.geojson,cached,14fa40f8ca8db1137c425e4e50503b5f34e251600d523fb04597cfc0ce3a78b0,60884,44,
cnv_bike_routes_existing,City of North Vancouver,Bike Routes (Existing),https://gisext2.cnv.org/arcgis/rest/services/BaseMapServices/TransportMAP/MapServer/22,https://gisext2.cnv.org/arcgis/rest/services/BaseMapServices/TransportMAP/MapServer/22,GeoJSON,street_segment,City of North Vancouver,,,2026-08-12T07:14:40+00:00,data/raw/cnv/cnv_bike_routes_existing.geojson,cached,335515ff2d0284ce3c078c22764ac3170f8750c3ad2d964fdc635054b393a289,189081,199,
cnv_parking_occupancy,City of North Vancouver,On-street parking supply and observed occupancy by time period,https://gisext2.cnv.org/arcgis/rest/services/BaseMapServices/TransportMAP/MapServer/55,https://gisext2.cnv.org/arcgis/rest/services/BaseMapServices/TransportMAP/MapServer/55,GeoJSON,street_segment,City of North Vancouver,,,2026-08-12T07:14:40+00:00,data/raw/parking/cnv_parking_occupancy.geojson,cached,ac720e5c5887640ff8447e678e7c6caa9d1f71e98fe37f981c290b6378d9a664,650511,1169,"Carries Supply plus occupancy for eight observed periods (Weekday_07/08/11/12/16/17/21/22, Weekend_07/09 ...). These are OBSERVED SURVEY counts from a parking study, NOT a real-time availability feed. Survey date must be established before publication."
cnv_parking_zones,City of North Vancouver,Parking Zones (on-street restrictions),https://gisext2.cnv.org/arcgis/rest/services/BaseMapServices/TransportMAP/MapServer/64,https://gisext2.cnv.org/arcgis/rest/services/BaseMapServices/TransportMAP/MapServer/64,GeoJSON,street_segment,City of North Vancouver,,,2026-08-12T07:14:41+00:00,data/raw/parking/cnv_parking_zones.geojson,cached,7a7e780baef00c3555a8a2482a577857da20521d36b9b19282b2225d3fbe05ca,3468158,5981,"SIGNTYPE, PARKING_TYPE, SUPPLY, PARKING_TIME, RESTRICTIONS, NEIGHBOURHOOD."
cnv_parking_offstreet_lots,City of North Vancouver,Off Street Parking Lots,https://gisext2.cnv.org/arcgis/rest/services/BaseMapServices/TransportMAP/MapServer/62,https://gisext2.cnv.org/arcgis/rest/services/BaseMapServices/TransportMAP/MapServer/62,GeoJSON,point,City of North Vancouver,,,2026-08-12T07:14:41+00:00,data/raw/parking/cnv_parking_offstreet_lots.geojson,cached,dc766b45f8c68a899b53e47cc42e104c4dd362f4c40e6f3d2ba9e90907ad752b,14345,28,"SPACES_WEEKDAY, SPACES_WEEKNIGHT_WKND, ACCESSIBLE_PARKING_SPACES, EV_PARKING_SPACES, Operator."
cnv_parking_signs,City of North Vancouver,Parking Signs,https://gisext2.cnv.org/arcgis/rest/services/BaseMapServices/TransportMAP/MapServer/63,https://gisext2.cnv.org/arcgis/rest/services/BaseMapServices/TransportMAP/MapServer/63,GeoJSON,point_asset,City of North Vancouver,,,2026-08-12T07:14:42+00:00,data/raw/parking/cnv_parking_signs.geojson,cached,b63b9d71f5579183f4ee88304b32dfd0b07da0204b36fe4cd71e207e359e1e29,1137077,2580,
cnv_loading_zones,City of North Vancouver,Loading Zones,https://gisext2.cnv.org/arcgis/rest/services/BaseMapServices/TransportMAP/MapServer/61,https://gisext2.cnv.org/arcgis/rest/services/BaseMapServices/TransportMAP/MapServer/61,GeoJSON,street_segment,City of North Vancouver,,,2026-08-12T07:14:42+00:00,data/raw/parking/cnv_loading_zones.geojson,cached,c51e1715b1d7478b533f611a766f43c69d8b9d2ddf383d950b084034b2f02e83,50258,138,
cnv_car_share_parking,City of North Vancouver,Car Share Parking,https://gisext2.cnv.org/arcgis/rest/services/BaseMapServices/TransportMAP/MapServer/60,https://gisext2.cnv.org/arcgis/rest/services/BaseMapServices/TransportMAP/MapServer/60,GeoJSON,point,City of North Vancouver,,,2026-08-12T07:14:42+00:00,data/raw/parking/cnv_car_share_parking.geojson,cached,04be627fb811723d04b66dc1f07a598d6370d21a5650fc77b9217c70917bbc21,12478,32,
cnv_pay_parking_onstreet,City of North Vancouver,Pay Parking - On Street,https://gisext2.cnv.org/arcgis/rest/services/Applications/pparking/MapServer/3,https://gisext2.cnv.org/arcgis/rest/services/Applications/pparking/MapServer/3,GeoJSON,street_segment,City of North Vancouver,,,2026-08-12T07:14:45+00:00,data/raw/parking/cnv_pay_parking_onstreet.geojson,cached,db57e7ef7d3d54ddff1ae74a7840eb932b6d3d14c498afaeebc8ee2f37244830,98250,223,
cnv_pay_parking_offstreet,City of North Vancouver,Pay Parking - Off Street,https://gisext2.cnv.org/arcgis/rest/services/Applications/pparking/MapServer/2,https://gisext2.cnv.org/arcgis/rest/services/Applications/pparking/MapServer/2,GeoJSON,polygon,City of North Vancouver,,,2026-08-12T07:14:45+00:00,data/raw/parking/cnv_pay_parking_offstreet.geojson,cached,dc766b45f8c68a899b53e47cc42e104c4dd362f4c40e6f3d2ba9e90907ad752b,14345,28,
cnv_pay_stations,City of North Vancouver,Pay Stations,https://gisext2.cnv.org/arcgis/rest/services/Applications/pparking/MapServer/1,https://gisext2.cnv.org/arcgis/rest/services/Applications/pparking/MapServer/1,GeoJSON,point,City of North Vancouver,,,2026-08-12T07:14:45+00:00,data/raw/parking/cnv_pay_stations.geojson,cached,7a79f079a983ec3efdc5a268e14697cd15b2b62d9918bee6fe1fe89b917c262e,11694,42,
cnv_accessible_parking,City of North Vancouver,Accessible (disabled) parking spots,https://gisext2.cnv.org/arcgis/rest/services/Applications/accessibleparking/MapServer/0,https://gisext2.cnv.org/arcgis/rest/services/Applications/accessibleparking/MapServer/0,GeoJSON,point,City of North Vancouver,,,2026-08-12T07:14:47+00:00,data/raw/parking/cnv_accessible_parking.geojson,cached,a9b6fc2a7729bd300602304e196f004bc1ac5e88a5a2e9ab5d092a9c0288a9bd,66237,158,
cnv_resident_permit_parking_zones,City of North Vancouver,Resident Permit Parking Zones,https://gisext2.cnv.org/arcgis/rest/services/Applications/ResidentPermitParking/MapServer/1,https://gisext2.cnv.org/arcgis/rest/services/Applications/ResidentPermitParking/MapServer/1,GeoJSON,zone,City of North Vancouver,,,2026-08-12T07:14:49+00:00,data/raw/parking/cnv_resident_permit_zones.geojson,cached,14c519ff11866f54bd9a55481b830447b245fdf99bcf0236251f9691a6293ab9,16149,14,
cnv_bus_stops,City of North Vancouver,Bus Stops (municipal asset layer),https://gisext2.cnv.org/arcgis/rest/services/BaseMapServices/TransportMAP/MapServer/108,https://gisext2.cnv.org/arcgis/rest/services/BaseMapServices/TransportMAP/MapServer/108,GeoJSON,point,City of North Vancouver,,,2026-08-12T07:14:49+00:00,data/raw/cnv/cnv_bus_stops.geojson,cached,81fa0745a1e04708c756f3aa309516a86fb0a42cc5da51d088da719626b9ecf5,67279,183,Municipal view with STOPID and BUS_NUM. TransLink GTFS is the authoritative service-frequency source.
cnv_bus_shelters,City of North Vancouver,Bus Shelters,https://gisext2.cnv.org/arcgis/rest/services/BaseMapServices/TransportMAP/MapServer/107,https://gisext2.cnv.org/arcgis/rest/services/BaseMapServices/TransportMAP/MapServer/107,GeoJSON,point,City of North Vancouver,,,2026-08-12T07:14:49+00:00,data/raw/cnv/cnv_bus_shelters.geojson,cached,bcc7a9a1c529a93c5e1445964cf2c92fd2c57512157177408d252bc81126cde6,27417,46,
cnv_parks,City of North Vancouver,Parks,https://gisext2.cnv.org/arcgis/rest/services/BaseMapServices/query_layers/MapServer/4,https://gisext2.cnv.org/arcgis/rest/services/BaseMapServices/query_layers/MapServer/4,GeoJSON,polygon,City of North Vancouver,,,2026-08-12T07:14:50+00:00,data/raw/cnv/cnv_parks.geojson,cached,1edc906b86a4bfe4020d54e4d78dd5651b90f08f4c4af04008862625702412d6,113309,59,Civic destination component of the pedestrian activity proxy; candidate public-space locations.
translink_gtfs,TransLink (South Coast British Columbia Transportation Authority),GTFS static feed,https://www.translink.ca/about-us/doing-business-with-translink/app-developer-resources/gtfs/gtfs-data,https://gtfs-static.translink.ca/gtfs/google_transit.zip,GTFS (zip),regional,Metro Vancouver (regional - clipped to CNV during processing),,TransLink Open Data / GTFS terms of use,2026-08-12T07:14:52+00:00,data/raw/transit/translink_gtfs.zip,cached,3f2378ac89714afe233192933ca9f4ce5d6e82fecd41815f585858e450804ca1,16266069,,"Authoritative transit source: stops, routes, trips, stop_times, shapes, calendar."
cnv_past_election_results,City of North Vancouver,Past Election Results,https://www.cnv.org/City-Hall/General-Local-Election/Past-Election-Results,https://www.cnv.org/City-Hall/General-Local-Election/Past-Election-Results,HTML,municipality,City of North Vancouver,,,2026-08-12T07:14:53+00:00,data/raw/elections/cnv_past_election_results.html,cached,8e1e92037f7e5197b738485c8dff2a26e81c68d275af19cabe2125684bb1f83e,547769,,Landing page for historical results. Linked PDFs are discovered and fetched by 07_prepare_elections.py.
cnv_2022_official_results,City of North Vancouver,Official Results of 2022 City Election,https://www.cnv.org/City-Hall/News-Room/Whats-New/2022/10/19/Official-Results-of-2022-City-Election-Announced,https://www.cnv.org/City-Hall/News-Room/Whats-New/2022/10/19/Official-Results-of-2022-City-Election-Announced,HTML,municipality,City of North Vancouver,,,2026-08-12T07:14:54+00:00,data/raw/elections/cnv_2022_official_results.html,cached,3acd13c94ad6637b4ad93f8ac2a1790232ae23120e927224a98ad2d434eafacc,430042,,Aggregate candidate vote totals and turnout. Contains no individual-level data.
cnv_election_landing,City of North Vancouver,General Local Election - programme page,https://www.cnv.org/City-Hall/General-Local-Election,https://www.cnv.org/City-Hall/General-Local-Election,HTML,municipality,City of North Vancouver,,,2026-08-12T07:14:54+00:00,data/raw/elections/cnv_election_landing.html,cached,911b2c20868002acd31af69fa7a0fb0479a8490cf7d161bead850461a7d2f98e,436737,,Source for voting-place lists and advance-voting locations.
cnv_pdf_genzoning,City of North Vancouver,General Zoning Map (PDF),https://gisext2.cnv.org/PDFMaps/CNV_GenZoning48x36.pdf,https://gisext2.cnv.org/PDFMaps/CNV_GenZoning48x36.pdf,PDF,,City of North Vancouver,,,2026-08-12T07:14:54+00:00,data/raw/cnv/CNV_GenZoning48x36.pdf,cached,a19b027f7824c0b2254ef6f62392a503a722acf82baebeaa22675c1660fa54ce,1200857,,
cnv_pdf_neighbourhoods,City of North Vancouver,Neighbourhoods Map (PDF),https://gisext2.cnv.org/PDFMaps/CNV_Neighbourhoods.pdf,https://gisext2.cnv.org/PDFMaps/CNV_Neighbourhoods.pdf,PDF,,City of North Vancouver,,,2026-08-12T07:14:54+00:00,data/raw/cnv/CNV_Neighbourhoods.pdf,cached,70aac026883f9e16847ac03e1a84001adce4548fd96a8a829d6d0156e0c9e8c7,1249952,,Used only to validate neighbourhood names against the vector layer.
cnv_pdf_citymap,City of North Vancouver,City Map (PDF),https://gisext2.cnv.org/PDFMaps/CNV_CityMap.pdf,https://gisext2.cnv.org/PDFMaps/CNV_CityMap.pdf,PDF,,City of North Vancouver,,,2026-08-12T07:14:55+00:00,data/raw/cnv/CNV_CityMap.pdf,cached,efb07f8290e825a536c7d7f2285439e0e06dc14648f1db694a70deca5efe84d9,6271184,,
cnv_pdf_landuse,City of North Vancouver,Schedule A Land Use (PDF),https://gisext2.cnv.org/PDFMaps/Schedule%20A%20Land%20Use_11x17.pdf,https://gisext2.cnv.org/PDFMaps/Schedule%20A%20Land%20Use_11x17.pdf,PDF,,City of North Vancouver,,,2026-08-12T07:14:55+00:00,data/raw/cnv/Schedule_A_Land_Use_11x17.pdf,cached,2b2a28e060baf5d3f164855d2d0120c13933a5569d811a350ba19cd5f23eedce,971947,,
cnv_pdf_regional_context,City of North Vancouver,Schedule E Regional Context Map (PDF),https://gisext2.cnv.org/PDFMaps/Schedule%20E%20RegionalContextMap_11x17.pdf,https://gisext2.cnv.org/PDFMaps/Schedule%20E%20RegionalContextMap_11x17.pdf,PDF,,City of North Vancouver,,,2026-08-12T07:14:55+00:00,data/raw/cnv/Schedule_E_RegionalContextMap_11x17.pdf,cached,af2efa1ea98dc7f935f12c1260129e3824434398a111c6fc5d9a46e6198017f9,837559,,
cnv_community_statistics,City of North Vancouver,Community Facts & Statistics,https://www.cnv.org/City-Hall/About/community-statistics,https://www.cnv.org/City-Hall/About/community-statistics,HTML,,City of North Vancouver,,,2026-08-12T07:14:55+00:00,data/raw/cnv/cnv_community_statistics.html,cached,0b8ce185c1e4ecebd199ecea9038bf9750583cd9c35ccbc406e3fd4d555b1e45,511980,,"Municipal summary statistics; used for cross-validation only, not as a primary source."
cnv_traffic_signals_page,City of North Vancouver,Traffic Signals information page,https://www.cnv.org/Streets-Transportation/Traffic/Traffic-Signals,https://www.cnv.org/Streets-Transportation/Traffic/Traffic-Signals,HTML,,City of North Vancouver,,,2026-08-12T07:14:55+00:00,data/raw/cnv/cnv_traffic_signals_page.html,cached,3abe4f9ad717fa5e0f2fd0a5849a5fe8aa62a7665bccc87f0d856007bc0255de,520538,,Checked for any published signal timing / coordination information.
geoweb_streets,District of North Vancouver - GEOweb,Street Centrelines (District and City of North Vancouver),https://geoweb.dnv.org/data/,https://geoweb.dnv.org/Products/Data/SHP/TrnStreets_shp.zip,Shapefile (zip),street_segment,District AND City of North Vancouver (per dataset description),,,2026-08-12T07:14:56+00:00,data/raw/dnv_geoweb/TrnStreets_shp.zip,cached,a9a8ca427c3ba72dec3b8c5caf3f70f1c0682f7b00c3c08abb42d4d86092ad1e,1938228,,Explicitly covers both municipalities. Must still be clipped to the CNV boundary.
geoweb_intersections,District of North Vancouver - GEOweb,Street Intersections,https://geoweb.dnv.org/data/,https://geoweb.dnv.org/Products/Data/SHP/TrnIntersection_shp.zip,Shapefile (zip),intersection,North Shore,,,2026-08-12T07:14:56+00:00,data/raw/dnv_geoweb/TrnIntersection_shp.zip,cached,c5e23b0a46de176d98c22ab79ac2827cdd7245794748836935dd41f4364e1b8b,203609,,Ready-made intersection points; cross-checked against intersections derived from CNV centrelines.
geoweb_parking_restrictions,District of North Vancouver - GEOweb,Parking Restrictions,https://geoweb.dnv.org/data/,https://geoweb.dnv.org/Products/Data/SHP/TrnParkingRestrictions_shp.zip,Shapefile (zip),street_segment,District of North Vancouver (verify CNV coverage),,,2026-08-12T07:14:56+00:00,data/raw/dnv_geoweb/TrnParkingRestrictions_shp.zip,cached,3bd470a587f0846428c8d30b9f8cfdbb37a16f565714989f5ba2d44700bffcce,298773,,
geoweb_parking_lots,District of North Vancouver - GEOweb,Parking Lots,https://geoweb.dnv.org/data/,https://geoweb.dnv.org/Products/Data/SHP/RodParkingLot_shp.zip,Shapefile (zip),polygon,District of North Vancouver (verify CNV coverage),,,2026-08-12T07:14:56+00:00,data/raw/dnv_geoweb/RodParkingLot_shp.zip,cached,ab710ce2a754bff130646e39a13b1b820ed8208e22f97601529d9389a24b8a81,507327,,
geoweb_sidewalks,District of North Vancouver - GEOweb,Sidewalks,https://geoweb.dnv.org/data/,https://geoweb.dnv.org/Products/Data/SHP/RodSidewalk_shp.zip,Shapefile (zip),sidewalk,District of North Vancouver (verify CNV coverage),,,2026-08-12T07:14:56+00:00,data/raw/dnv_geoweb/RodSidewalk_shp.zip,cached,b3b668fa3255e1de294e22d3d382c74839b73378046d481678a42eb537979427,1138786,,
geoweb_metrovan_municipalities,District of North Vancouver - GEOweb,Metro Vancouver Municipalities,https://geoweb.dnv.org/data/,https://geoweb.dnv.org/Products/Data/SHP/RegBoundaryMetroVan_shp.zip,Shapefile (zip),municipality,Metro Vancouver,,,2026-08-12T07:14:56+00:00,data/raw/dnv_geoweb/RegBoundaryMetroVan_shp.zip,cached,38dc5e7751cc5723fd22583de2e32c14d56e5e008d47ae48605aaebf2d593349,63484,,Boundary cross-check only. The BC ABMS layer remains the authoritative CNV boundary.
icbc_crashes_north_vancouver,Insurance Corporation of British Columbia (ICBC),Lower Mainland Crashes - filtered to NORTH VANCOUVER,https://public.tableau.com/app/profile/icbc/viz/LowerMainlandCrashes/LMDashboard,https://public.tableau.com/views/LowerMainlandCrashes/LMDashboard.csv?:showVizHome=no&Municipality=NORTH%20VANCOUVER,CSV,intersection_or_block_name,North Vancouver (City AND District combined - see notes),,Open Data Licence for ICBC Information,2026-08-12T07:20:01+00:00,data/raw/safety/icbc_crashes_north_vancouver.csv,cached,71491a34bc57464b77a8d332e162f73d214b4351de0fd2ebe379fe74b6d8243a,78586,,"Retrieved through Tableau Public's built-in CSV export for a publicly published dashboard (the sanctioned download path; no access control is bypassed). Two material limitations: (1) ICBC's 'NORTH VANCOUVER' municipality value covers BOTH the City and the District, so records must be disambiguated by matching location strings to CNV street pairs; (2) records are location NAME strings with no coordinates, so geocoding to the CNV intersection layer is name-based and approximate. Crash counts are aggregate; no individual or personal data."
icbc_crashes_lower_mainland_all,Insurance Corporation of British Columbia (ICBC),Lower Mainland Crashes - unfiltered regional extract,https://public.tableau.com/app/profile/icbc/viz/LowerMainlandCrashes/LMDashboard,https://public.tableau.com/views/LowerMainlandCrashes/LMDashboard.csv?:showVizHome=no,CSV,intersection_or_block_name,Metro Vancouver / Lower Mainland,,Open Data Licence for ICBC Information,2026-08-12T07:20:02+00:00,data/raw/safety/icbc_crashes_lower_mainland.csv,cached,8f86d80f70d3147d601c743c8e24f7bcd878e0a219e49f1b1bec952a7fd9204d,322693,,Regional baseline used to check how CNV compares and to detect name collisions.
cnv_playgrounds,City of North Vancouver,Playgrounds,https://gisext2.cnv.org/arcgis/rest/services/Applications/Parks/MapServer/2,https://gisext2.cnv.org/arcgis/rest/services/Applications/Parks/MapServer/2,GeoJSON,point,City of North Vancouver,,City of North Vancouver open data terms - verify,2026-08-12T17:17:26+00:00,data/raw/cnv/cnv_playgrounds.geojson,ok,b7f779b4e09d9794a93c78ff33796c519baf0bb4ca4ba226c9b36e6b43fa015e,3001,17,Worked example for ADDING_DATA.md.
