intersection_id,street_names,neighbourhood,public_space_composite,signalised,full_signal,signal_timing_status,check_sightlines,check_grade_slope,check_curvature,check_sidewalk_width,check_pedestrian_volume,check_signal_cycle_seconds,check_pedestrian_walk_interval,check_noise_environment,check_lighting,check_public_realm_space,instruction
CNV-INT-0385,E 15TH ST / LONSDALE AVE / W 15TH ST,Central Lonsdale,90.32,True,True,REQUEST_REQUIRED,"Obstructions to sightlines on each approach? (vegetation, parked vehicles, signage)",Noticeable grade or crest limiting visibility?,Curved approach reducing approach visibility?,Usable footway width clear of street furniture (m)?,"Observed pedestrian count, 15 min, with date and time",Measured signal cycle length (s) - not published by CNV,Measured walk interval (s) - not published by CNV,Ambient noise limiting conversation?,Lighting adequate after dark?,Space to stand clear of the footway travel path?,"Field observation is required for these attributes because no public dataset publishes them for CNV. Record the date, time and observer for each visit."
CNV-INT-0273,E 3RD ST / LONSDALE AVE / W 3RD ST,Lower Lonsdale,88.31,True,True,REQUEST_REQUIRED,"Obstructions to sightlines on each approach? (vegetation, parked vehicles, signage)",Noticeable grade or crest limiting visibility?,Curved approach reducing approach visibility?,Usable footway width clear of street furniture (m)?,"Observed pedestrian count, 15 min, with date and time",Measured signal cycle length (s) - not published by CNV,Measured walk interval (s) - not published by CNV,Ambient noise limiting conversation?,Lighting adequate after dark?,Space to stand clear of the footway travel path?,"Field observation is required for these attributes because no public dataset publishes them for CNV. Record the date, time and observer for each visit."
CNV-INT-0188,E 13TH ST / LONSDALE AVE / W 13TH ST,Central Lonsdale,87.91,True,True,REQUEST_REQUIRED,"Obstructions to sightlines on each approach? (vegetation, parked vehicles, signage)",Noticeable grade or crest limiting visibility?,Curved approach reducing approach visibility?,Usable footway width clear of street furniture (m)?,"Observed pedestrian count, 15 min, with date and time",Measured signal cycle length (s) - not published by CNV,Measured walk interval (s) - not published by CNV,Ambient noise limiting conversation?,Lighting adequate after dark?,Space to stand clear of the footway travel path?,"Field observation is required for these attributes because no public dataset publishes them for CNV. Record the date, time and observer for each visit."
CNV-INT-0124,E 12TH ST / LONSDALE AVE / W 12TH ST,Central Lonsdale,86.37,True,True,REQUEST_REQUIRED,"Obstructions to sightlines on each approach? (vegetation, parked vehicles, signage)",Noticeable grade or crest limiting visibility?,Curved approach reducing approach visibility?,Usable footway width clear of street furniture (m)?,"Observed pedestrian count, 15 min, with date and time",Measured signal cycle length (s) - not published by CNV,Measured walk interval (s) - not published by CNV,Ambient noise limiting conversation?,Lighting adequate after dark?,Space to stand clear of the footway travel path?,"Field observation is required for these attributes because no public dataset publishes them for CNV. Record the date, time and observer for each visit."
CNV-INT-0281,E 4TH ST / LONSDALE AVE / W 4TH ST,Lower Lonsdale,85.9,True,True,REQUEST_REQUIRED,"Obstructions to sightlines on each approach? (vegetation, parked vehicles, signage)",Noticeable grade or crest limiting visibility?,Curved approach reducing approach visibility?,Usable footway width clear of street furniture (m)?,"Observed pedestrian count, 15 min, with date and time",Measured signal cycle length (s) - not published by CNV,Measured walk interval (s) - not published by CNV,Ambient noise limiting conversation?,Lighting adequate after dark?,Space to stand clear of the footway travel path?,"Field observation is required for these attributes because no public dataset publishes them for CNV. Record the date, time and observer for each visit."
CNV-INT-0389,E 17TH ST / LONSDALE AVE / W 17TH ST,Central Lonsdale,85.75,True,True,REQUEST_REQUIRED,"Obstructions to sightlines on each approach? (vegetation, parked vehicles, signage)",Noticeable grade or crest limiting visibility?,Curved approach reducing approach visibility?,Usable footway width clear of street furniture (m)?,"Observed pedestrian count, 15 min, with date and time",Measured signal cycle length (s) - not published by CNV,Measured walk interval (s) - not published by CNV,Ambient noise limiting conversation?,Lighting adequate after dark?,Space to stand clear of the footway travel path?,"Field observation is required for these attributes because no public dataset publishes them for CNV. Record the date, time and observer for each visit."
CNV-INT-0272,E 2ND ST / LONSDALE AVE / W 2ND ST,Lower Lonsdale,84.84,True,True,REQUEST_REQUIRED,"Obstructions to sightlines on each approach? (vegetation, parked vehicles, signage)",Noticeable grade or crest limiting visibility?,Curved approach reducing approach visibility?,Usable footway width clear of street furniture (m)?,"Observed pedestrian count, 15 min, with date and time",Measured signal cycle length (s) - not published by CNV,Measured walk interval (s) - not published by CNV,Ambient noise limiting conversation?,Lighting adequate after dark?,Space to stand clear of the footway travel path?,"Field observation is required for these attributes because no public dataset publishes them for CNV. Record the date, time and observer for each visit."
CNV-INT-0121,E 11TH ST / LONSDALE AVE / W 8TH ST,Lower Lonsdale,84.64,True,True,REQUEST_REQUIRED,"Obstructions to sightlines on each approach? (vegetation, parked vehicles, signage)",Noticeable grade or crest limiting visibility?,Curved approach reducing approach visibility?,Usable footway width clear of street furniture (m)?,"Observed pedestrian count, 15 min, with date and time",Measured signal cycle length (s) - not published by CNV,Measured walk interval (s) - not published by CNV,Ambient noise limiting conversation?,Lighting adequate after dark?,Space to stand clear of the footway travel path?,"Field observation is required for these attributes because no public dataset publishes them for CNV. Record the date, time and observer for each visit."
CNV-INT-0277,CHESTERFIELD AVE / W ESPLANADE,Lower Lonsdale,83.77,True,True,REQUEST_REQUIRED,"Obstructions to sightlines on each approach? (vegetation, parked vehicles, signage)",Noticeable grade or crest limiting visibility?,Curved approach reducing approach visibility?,Usable footway width clear of street furniture (m)?,"Observed pedestrian count, 15 min, with date and time",Measured signal cycle length (s) - not published by CNV,Measured walk interval (s) - not published by CNV,Ambient noise limiting conversation?,Lighting adequate after dark?,Space to stand clear of the footway travel path?,"Field observation is required for these attributes because no public dataset publishes them for CNV. Record the date, time and observer for each visit."
CNV-INT-0405,E 21ST ST / LONSDALE AVE / W 21ST ST,Central Lonsdale,83.47,True,True,REQUEST_REQUIRED,"Obstructions to sightlines on each approach? (vegetation, parked vehicles, signage)",Noticeable grade or crest limiting visibility?,Curved approach reducing approach visibility?,Usable footway width clear of street furniture (m)?,"Observed pedestrian count, 15 min, with date and time",Measured signal cycle length (s) - not published by CNV,Measured walk interval (s) - not published by CNV,Ambient noise limiting conversation?,Lighting adequate after dark?,Space to stand clear of the footway travel path?,"Field observation is required for these attributes because no public dataset publishes them for CNV. Record the date, time and observer for each visit."
CNV-INT-0266,E ESPLANADE / LONSDALE AVE / W ESPLANADE,Lower Lonsdale,83.43,True,True,REQUEST_REQUIRED,"Obstructions to sightlines on each approach? (vegetation, parked vehicles, signage)",Noticeable grade or crest limiting visibility?,Curved approach reducing approach visibility?,Usable footway width clear of street furniture (m)?,"Observed pedestrian count, 15 min, with date and time",Measured signal cycle length (s) - not published by CNV,Measured walk interval (s) - not published by CNV,Ambient noise limiting conversation?,Lighting adequate after dark?,Space to stand clear of the footway travel path?,"Field observation is required for these attributes because no public dataset publishes them for CNV. Record the date, time and observer for each visit."
CNV-INT-0383,E 14TH ST / LONSDALE AVE,Central Lonsdale,83.2,True,True,REQUEST_REQUIRED,"Obstructions to sightlines on each approach? (vegetation, parked vehicles, signage)",Noticeable grade or crest limiting visibility?,Curved approach reducing approach visibility?,Usable footway width clear of street furniture (m)?,"Observed pedestrian count, 15 min, with date and time",Measured signal cycle length (s) - not published by CNV,Measured walk interval (s) - not published by CNV,Ambient noise limiting conversation?,Lighting adequate after dark?,Space to stand clear of the footway travel path?,"Field observation is required for these attributes because no public dataset publishes them for CNV. Record the date, time and observer for each visit."
CNV-INT-0376,CHESTERFIELD AVE / W 13TH ST,Central Lonsdale,83.1,True,True,REQUEST_REQUIRED,"Obstructions to sightlines on each approach? (vegetation, parked vehicles, signage)",Noticeable grade or crest limiting visibility?,Curved approach reducing approach visibility?,Usable footway width clear of street furniture (m)?,"Observed pedestrian count, 15 min, with date and time",Measured signal cycle length (s) - not published by CNV,Measured walk interval (s) - not published by CNV,Ambient noise limiting conversation?,Lighting adequate after dark?,Space to stand clear of the footway travel path?,"Field observation is required for these attributes because no public dataset publishes them for CNV. Record the date, time and observer for each visit."
CNV-INT-0270,E 1ST ST / LONSDALE AVE / W 1ST ST,Lower Lonsdale,82.93,True,True,REQUEST_REQUIRED,"Obstructions to sightlines on each approach? (vegetation, parked vehicles, signage)",Noticeable grade or crest limiting visibility?,Curved approach reducing approach visibility?,Usable footway width clear of street furniture (m)?,"Observed pedestrian count, 15 min, with date and time",Measured signal cycle length (s) - not published by CNV,Measured walk interval (s) - not published by CNV,Ambient noise limiting conversation?,Lighting adequate after dark?,Space to stand clear of the footway travel path?,"Field observation is required for these attributes because no public dataset publishes them for CNV. Record the date, time and observer for each visit."
CNV-INT-0387,LONSDALE AVE / W 16TH ST,Central Lonsdale,81.87,True,True,REQUEST_REQUIRED,"Obstructions to sightlines on each approach? (vegetation, parked vehicles, signage)",Noticeable grade or crest limiting visibility?,Curved approach reducing approach visibility?,Usable footway width clear of street furniture (m)?,"Observed pedestrian count, 15 min, with date and time",Measured signal cycle length (s) - not published by CNV,Measured walk interval (s) - not published by CNV,Ambient noise limiting conversation?,Lighting adequate after dark?,Space to stand clear of the footway travel path?,"Field observation is required for these attributes because no public dataset publishes them for CNV. Record the date, time and observer for each visit."
CNV-INT-0209,E 19TH ST / LONSDALE AVE / W 19TH ST,Central Lonsdale,81.36,True,True,REQUEST_REQUIRED,"Obstructions to sightlines on each approach? (vegetation, parked vehicles, signage)",Noticeable grade or crest limiting visibility?,Curved approach reducing approach visibility?,Usable footway width clear of street furniture (m)?,"Observed pedestrian count, 15 min, with date and time",Measured signal cycle length (s) - not published by CNV,Measured walk interval (s) - not published by CNV,Ambient noise limiting conversation?,Lighting adequate after dark?,Space to stand clear of the footway travel path?,"Field observation is required for these attributes because no public dataset publishes them for CNV. Record the date, time and observer for each visit."
CNV-INT-0301,E KEITH RD / LONSDALE AVE / W KEITH RD,Lower Lonsdale,81.27,True,True,REQUEST_REQUIRED,"Obstructions to sightlines on each approach? (vegetation, parked vehicles, signage)",Noticeable grade or crest limiting visibility?,Curved approach reducing approach visibility?,Usable footway width clear of street furniture (m)?,"Observed pedestrian count, 15 min, with date and time",Measured signal cycle length (s) - not published by CNV,Measured walk interval (s) - not published by CNV,Ambient noise limiting conversation?,Lighting adequate after dark?,Space to stand clear of the footway travel path?,"Field observation is required for these attributes because no public dataset publishes them for CNV. Record the date, time and observer for each visit."
CNV-INT-0206,E 18TH ST / LONSDALE AVE / W 18TH ST,Central Lonsdale,81.06,True,True,REQUEST_REQUIRED,"Obstructions to sightlines on each approach? (vegetation, parked vehicles, signage)",Noticeable grade or crest limiting visibility?,Curved approach reducing approach visibility?,Usable footway width clear of street furniture (m)?,"Observed pedestrian count, 15 min, with date and time",Measured signal cycle length (s) - not published by CNV,Measured walk interval (s) - not published by CNV,Ambient noise limiting conversation?,Lighting adequate after dark?,Space to stand clear of the footway travel path?,"Field observation is required for these attributes because no public dataset publishes them for CNV. Record the date, time and observer for each visit."
CNV-INT-0282,E 5TH ST / LONSDALE AVE / W 5TH ST,Lower Lonsdale,80.86,False,True,REQUEST_REQUIRED,"Obstructions to sightlines on each approach? (vegetation, parked vehicles, signage)",Noticeable grade or crest limiting visibility?,Curved approach reducing approach visibility?,Usable footway width clear of street furniture (m)?,"Observed pedestrian count, 15 min, with date and time",Measured signal cycle length (s) - not published by CNV,Measured walk interval (s) - not published by CNV,Ambient noise limiting conversation?,Lighting adequate after dark?,Space to stand clear of the footway travel path?,"Field observation is required for these attributes because no public dataset publishes them for CNV. Record the date, time and observer for each visit."
CNV-INT-0212,E 20TH ST / LONSDALE AVE / W 20TH ST,Central Lonsdale,80.48,True,True,REQUEST_REQUIRED,"Obstructions to sightlines on each approach? (vegetation, parked vehicles, signage)",Noticeable grade or crest limiting visibility?,Curved approach reducing approach visibility?,Usable footway width clear of street furniture (m)?,"Observed pedestrian count, 15 min, with date and time",Measured signal cycle length (s) - not published by CNV,Measured walk interval (s) - not published by CNV,Ambient noise limiting conversation?,Lighting adequate after dark?,Space to stand clear of the footway travel path?,"Field observation is required for these attributes because no public dataset publishes them for CNV. Record the date, time and observer for each visit."
CNV-INT-0283,E 6TH ST / LONSDALE AVE / W 6TH ST,Lower Lonsdale,80.09,False,True,REQUEST_REQUIRED,"Obstructions to sightlines on each approach? (vegetation, parked vehicles, signage)",Noticeable grade or crest limiting visibility?,Curved approach reducing approach visibility?,Usable footway width clear of street furniture (m)?,"Observed pedestrian count, 15 min, with date and time",Measured signal cycle length (s) - not published by CNV,Measured walk interval (s) - not published by CNV,Ambient noise limiting conversation?,Lighting adequate after dark?,Space to stand clear of the footway travel path?,"Field observation is required for these attributes because no public dataset publishes them for CNV. Record the date, time and observer for each visit."
CNV-INT-0386,CHESTERFIELD AVE / W 15TH ST,Central Lonsdale,79.43,True,True,REQUEST_REQUIRED,"Obstructions to sightlines on each approach? (vegetation, parked vehicles, signage)",Noticeable grade or crest limiting visibility?,Curved approach reducing approach visibility?,Usable footway width clear of street furniture (m)?,"Observed pedestrian count, 15 min, with date and time",Measured signal cycle length (s) - not published by CNV,Measured walk interval (s) - not published by CNV,Ambient noise limiting conversation?,Lighting adequate after dark?,Space to stand clear of the footway travel path?,"Field observation is required for these attributes because no public dataset publishes them for CNV. Record the date, time and observer for each visit."
CNV-INT-0190,E 15TH ST / ST. GEORGES AVE,Central Lonsdale,78.8,True,True,REQUEST_REQUIRED,"Obstructions to sightlines on each approach? (vegetation, parked vehicles, signage)",Noticeable grade or crest limiting visibility?,Curved approach reducing approach visibility?,Usable footway width clear of street furniture (m)?,"Observed pedestrian count, 15 min, with date and time",Measured signal cycle length (s) - not published by CNV,Measured walk interval (s) - not published by CNV,Ambient noise limiting conversation?,Lighting adequate after dark?,Space to stand clear of the footway travel path?,"Field observation is required for these attributes because no public dataset publishes them for CNV. Record the date, time and observer for each visit."
CNV-INT-0302,E KEITH RD / LONSDALE AVE / W KEITH RD,Lower Lonsdale,78.77,True,True,REQUEST_REQUIRED,"Obstructions to sightlines on each approach? (vegetation, parked vehicles, signage)",Noticeable grade or crest limiting visibility?,Curved approach reducing approach visibility?,Usable footway width clear of street furniture (m)?,"Observed pedestrian count, 15 min, with date and time",Measured signal cycle length (s) - not published by CNV,Measured walk interval (s) - not published by CNV,Ambient noise limiting conversation?,Lighting adequate after dark?,Space to stand clear of the footway travel path?,"Field observation is required for these attributes because no public dataset publishes them for CNV. Record the date, time and observer for each visit."
CNV-INT-0271,ROGERS AVE / W ESPLANADE,Lower Lonsdale,78.59,True,True,REQUEST_REQUIRED,"Obstructions to sightlines on each approach? (vegetation, parked vehicles, signage)",Noticeable grade or crest limiting visibility?,Curved approach reducing approach visibility?,Usable footway width clear of street furniture (m)?,"Observed pedestrian count, 15 min, with date and time",Measured signal cycle length (s) - not published by CNV,Measured walk interval (s) - not published by CNV,Ambient noise limiting conversation?,Lighting adequate after dark?,Space to stand clear of the footway travel path?,"Field observation is required for these attributes because no public dataset publishes them for CNV. Record the date, time and observer for each visit."
CNV-INT-0187,E 13TH ST / ST. GEORGES AVE,Central Lonsdale,78.03,True,True,REQUEST_REQUIRED,"Obstructions to sightlines on each approach? (vegetation, parked vehicles, signage)",Noticeable grade or crest limiting visibility?,Curved approach reducing approach visibility?,Usable footway width clear of street furniture (m)?,"Observed pedestrian count, 15 min, with date and time",Measured signal cycle length (s) - not published by CNV,Measured walk interval (s) - not published by CNV,Ambient noise limiting conversation?,Lighting adequate after dark?,Space to stand clear of the footway travel path?,"Field observation is required for these attributes because no public dataset publishes them for CNV. Record the date, time and observer for each visit."
CNV-INT-0222,E 23RD ST / LONSDALE AVE / W 23RD ST,Central Lonsdale,75.69,True,True,REQUEST_REQUIRED,"Obstructions to sightlines on each approach? (vegetation, parked vehicles, signage)",Noticeable grade or crest limiting visibility?,Curved approach reducing approach visibility?,Usable footway width clear of street furniture (m)?,"Observed pedestrian count, 15 min, with date and time",Measured signal cycle length (s) - not published by CNV,Measured walk interval (s) - not published by CNV,Ambient noise limiting conversation?,Lighting adequate after dark?,Space to stand clear of the footway travel path?,"Field observation is required for these attributes because no public dataset publishes them for CNV. Record the date, time and observer for each visit."
CNV-INT-0279,CHESTERFIELD AVE / W 1ST ST,Lower Lonsdale,75.69,True,True,REQUEST_REQUIRED,"Obstructions to sightlines on each approach? (vegetation, parked vehicles, signage)",Noticeable grade or crest limiting visibility?,Curved approach reducing approach visibility?,Usable footway width clear of street furniture (m)?,"Observed pedestrian count, 15 min, with date and time",Measured signal cycle length (s) - not published by CNV,Measured walk interval (s) - not published by CNV,Ambient noise limiting conversation?,Lighting adequate after dark?,Space to stand clear of the footway travel path?,"Field observation is required for these attributes because no public dataset publishes them for CNV. Record the date, time and observer for each visit."
CNV-INT-0388,CHESTERFIELD AVE / W 16TH ST,Central Lonsdale,75.4,True,True,REQUEST_REQUIRED,"Obstructions to sightlines on each approach? (vegetation, parked vehicles, signage)",Noticeable grade or crest limiting visibility?,Curved approach reducing approach visibility?,Usable footway width clear of street furniture (m)?,"Observed pedestrian count, 15 min, with date and time",Measured signal cycle length (s) - not published by CNV,Measured walk interval (s) - not published by CNV,Ambient noise limiting conversation?,Lighting adequate after dark?,Space to stand clear of the footway travel path?,"Field observation is required for these attributes because no public dataset publishes them for CNV. Record the date, time and observer for each visit."
CNV-INT-0192,E 15TH ST / EASTERN AVE,Central Lonsdale,74.82,False,True,REQUEST_REQUIRED,"Obstructions to sightlines on each approach? (vegetation, parked vehicles, signage)",Noticeable grade or crest limiting visibility?,Curved approach reducing approach visibility?,Usable footway width clear of street furniture (m)?,"Observed pedestrian count, 15 min, with date and time",Measured signal cycle length (s) - not published by CNV,Measured walk interval (s) - not published by CNV,Ambient noise limiting conversation?,Lighting adequate after dark?,Space to stand clear of the footway travel path?,"Field observation is required for these attributes because no public dataset publishes them for CNV. Record the date, time and observer for each visit."
